f0,f1,f2,f3,X0,X1,X2,X3,Sum
1,2,4,7,1296,130321,1296,1296,134209
2,4,7,1,1296,1296,130321,1296,134209
4,7,1,2,1296,1296,1296,130321,134209
7,1,2,4,130321,1296,1296,1296,134209
5,3,0,6,38416,38416,1,38416,115249
6,5,3,0,38416,1,38416,38416,115249
0,6,5,3,1,38416,38416,38416,115249
3,0,6,5,38416,38416,38416,1,115249
7,1,6,4,96026,3024,3024,216,102290
0,7,1,2,216,3024,3024,96026,102290
2,5,7,1,3024,216,96026,3024,102290
7,5,2,4,96026,216,3024,3024,102290
4,7,0,2,3024,3024,216,96026,102290
4,7,1,0,3024,216,3024,96026,102290
4,6,1,2,216,3024,3024,96026,102290
4,7,1,3,216,3024,3024,96026,102290
4,7,1,6,3024,3024,216,96026,102290
4,5,1,2,3024,216,3024,96026,102290
4,7,3,2,3024,216,3024,96026,102290
1,6,4,7,216,96026,3024,3024,102290
4,7,5,2,216,3024,3024,96026,102290
6,4,7,1,3024,216,96026,3024,102290
2,4,7,5,3024,3024,96026,216,102290
0,4,7,1,216,3024,96026,3024,102290
2,4,7,3,216,3024,96026,3024,102290
2,4,7,0,3024,216,96026,3024,102290
5,1,2,4,96026,3024,216,3024,102290
2,4,6,1,3024,3024,96026,216,102290
2,4,5,1,216,3024,96026,3024,102290
5,7,1,2,3024,3024,216,96026,102290
5,2,4,7,3024,96026,216,3024,102290
2,4,3,1,3024,216,96026,3024,102290
7,1,0,4,96026,3024,216,3024,102290
7,1,2,0,96026,216,3024,3024,102290
7,1,2,5,96026,3024,3024,216,102290
7,1,2,6,96026,3024,216,3024,102290
7,1,3,4,96026,216,3024,3024,102290
2,6,7,1,216,3024,96026,3024,102290
0,2,4,7,216,96026,3024,3024,102290
1,2,6,7,3024,96026,3024,216,102290
1,2,4,6,3024,96026,216,3024,102290
7,0,2,4,96026,3024,3024,216,102290
3,4,7,1,3024,3024,96026,216,102290
6,1,2,4,96026,216,3024,3024,102290
1,2,4,3,216,96026,3024,3024,102290
2,0,7,1,3024,3024,96026,216,102290
4,3,1,2,3024,3024,216,96026,102290
1,2,4,5,3024,96026,3024,216,102290
1,2,0,7,3024,96026,216,3024,102290
1,0,4,7,3024,96026,3024,216,102290
1,3,4,7,3024,96026,216,3024,102290
7,3,2,4,96026,3024,216,3024,102290
3,1,2,4,96026,3024,3024,216,102290
6,7,1,2,3024,216,3024,96026,102290
1,2,5,7,216,96026,3024,3024,102290
3,2,4,7,3024,96026,3024,216,102290
7,0,6,5,52136,16464,16464,6,85070
5,2,0,6,16464,52136,6,16464,85070
3,0,6,1,16464,16464,52136,6,85070
3,0,6,4,52136,16464,16464,6,85070
1,3,0,6,16464,52136,6,16464,85070
6,5,3,1,16464,6,52136,16464,85070
6,7,3,0,16464,6,16464,52136,85070
3,0,6,7,16464,52136,16464,6,85070
5,3,0,4,52136,16464,6,16464,85070
5,3,0,7,16464,52136,6,16464,85070
3,4,6,5,16464,16464,52136,6,85070
5,3,1,6,16464,16464,6,52136,85070
5,3,2,6,52136,16464,6,16464,85070
3,0,7,5,16464,16464,52136,6,85070
3,2,6,5,16464,52136,16464,6,85070
5,3,4,6,16464,52136,6,16464,85070
0,2,5,3,6,52136,16464,16464,85070
5,3,0,2,16464,16464,6,52136,85070
2,5,3,0,16464,6,52136,16464,85070
5,1,0,6,52136,16464,6,16464,85070
0,6,5,7,6,52136,16464,16464,85070
6,5,3,2,16464,6,16464,52136,85070
1,6,5,3,6,52136,16464,16464,85070
6,5,1,0,16464,6,16464,52136,85070
6,5,3,4,52136,6,16464,16464,85070
4,5,3,0,16464,6,16464,52136,85070
0,7,5,3,6,16464,16464,52136,85070
2,6,5,3,6,16464,52136,16464,85070
1,0,6,5,16464,52136,16464,6,85070
7,3,0,6,52136,16464,6,16464,85070
0,6,7,3,6,16464,52136,16464,85070
0,6,5,2,6,16464,16464,52136,85070
0,4,5,3,6,16464,52136,16464,85070
0,6,5,1,6,16464,52136,16464,85070
0,6,4,3,6,52136,16464,16464,85070
4,3,0,6,16464,16464,6,52136,85070
0,6,1,3,6,16464,16464,52136,85070
6,5,7,0,16464,6,52136,16464,85070
3,0,2,5,52136,16464,16464,6,85070
3,0,4,5,16464,52136,16464,6,85070
7,5,3,0,52136,6,16464,16464,85070
6,4,3,0,16464,6,52136,16464,85070
6,5,2,0,52136,6,16464,16464,85070
4,6,5,3,6,16464,16464,52136,85070
3,1,6,5,52136,16464,16464,6,85070
5,7,0,6,16464,16464,6,52136,85070
2,0,6,5,16464,16464,52136,6,85070
6,1,3,0,52136,6,16464,16464,85070
5,1,0,4,70756,7056,36,7056,84904
4,6,1,3,36,7056,7056,70756,84904
3,4,7,5,7056,7056,70756,36,84904
5,1,2,6,70756,7056,36,7056,84904
2,4,6,5,7056,7056,70756,36,84904
2,4,3,0,7056,36,70756,7056,84904
2,4,5,3,36,7056,70756,7056,84904
5,7,1,6,7056,7056,36,70756,84904
6,5,1,2,7056,36,7056,70756,84904
5,2,0,7,7056,70756,36,7056,84904
5,2,4,6,7056,70756,36,7056,84904
7,0,6,4,70756,7056,7056,36,84904
7,1,6,5,70756,7056,7056,36,84904
3,1,2,5,70756,7056,7056,36,84904
3,2,6,7,7056,70756,7056,36,84904
0,4,5,1,36,7056,70756,7056,84904
1,2,0,6,7056,70756,36,7056,84904
6,7,3,2,7056,36,7056,70756,84904
5,7,0,2,7056,7056,36,70756,84904
5,3,1,2,7056,7056,36,70756,84904
7,1,0,6,70756,7056,36,7056,84904
6,1,3,4,70756,36,7056,7056,84904
5,3,2,4,70756,7056,36,7056,84904
3,0,4,7,7056,70756,7056,36,84904
1,6,5,7,36,70756,7056,7056,84904
2,0,7,5,7056,7056,70756,36,84904
5,3,4,7,7056,70756,36,7056,84904
7,3,2,6,70756,7056,36,7056,84904
0,7,1,3,36,7056,7056,70756,84904
3,0,2,4,70756,7056,7056,36,84904
7,1,3,0,70756,36,7056,7056,84904
6,4,7,0,7056,36,70756,7056,84904
0,6,4,7,36,70756,7056,7056,84904
4,6,5,2,36,7056,7056,70756,84904
1,0,4,5,7056,70756,7056,36,84904
1,3,0,7,7056,70756,36,7056,84904
2,5,7,0,7056,36,70756,7056,84904
1,3,4,6,7056,70756,36,7056,84904
7,3,0,4,70756,7056,36,7056,84904
0,6,1,2,36,7056,7056,70756,84904
4,7,0,6,7056,7056,36,70756,84904
2,0,6,1,7056,7056,70756,36,84904
3,0,7,1,7056,7056,70756,36,84904
1,0,6,7,7056,70756,7056,36,84904
4,7,3,0,7056,36,7056,70756,84904
4,3,1,6,7056,7056,36,70756,84904
6,5,7,1,7056,36,70756,7056,84904
4,7,5,3,36,7056,7056,70756,84904
7,5,2,0,70756,36,7056,7056,84904
3,4,6,1,7056,7056,70756,36,84904
7,0,2,5,70756,7056,7056,36,84904
0,6,7,1,36,7056,70756,7056,84904
6,5,2,4,70756,36,7056,7056,84904
4,3,0,2,7056,7056,36,70756,84904
1,6,4,3,36,70756,7056,7056,84904
6,4,3,1,7056,36,70756,7056,84904
2,6,5,1,36,7056,70756,7056,84904
2,5,3,1,7056,36,70756,7056,84904
7,5,3,4,70756,36,7056,7056,84904
0,4,7,3,36,7056,70756,7056,84904
0,2,5,7,36,70756,7056,7056,84904
2,6,7,3,36,7056,70756,7056,84904
3,1,6,4,70756,7056,7056,36,84904
6,1,2,0,70756,36,7056,7056,84904
3,2,4,5,7056,70756,7056,36,84904
4,5,1,0,7056,36,7056,70756,84904
1,2,5,3,36,70756,7056,7056,84904
4,5,3,2,7056,36,7056,70756,84904
0,2,4,3,36,70756,7056,7056,84904
1,2,6,5,7056,70756,7056,36,84904
6,7,1,0,7056,36,7056,70756,84904
0,7,5,2,36,7056,7056,70756,84904
6,5,3,3,2744,14,38416,38416,79590
6,0,3,0,38416,14,38416,2744,79590
6,3,3,0,38416,14,2744,38416,79590
5,5,3,0,38416,14,2744,38416,79590
6,6,3,0,2744,14,38416,38416,79590
0,6,3,3,14,2744,38416,38416,79590
0,5,3,0,2744,14,38416,38416,79590
0,3,5,3,14,38416,2744,38416,79590
0,0,6,5,2744,38416,38416,14,79590
3,6,5,3,14,38416,38416,2744,79590
6,5,3,5,38416,14,38416,2744,79590
5,0,0,6,38416,38416,14,2744,79590
3,6,6,5,2744,38416,38416,14,79590
0,5,5,3,14,2744,38416,38416,79590
0,6,5,5,14,38416,38416,2744,79590
5,3,0,5,38416,38416,14,2744,79590
6,5,6,0,38416,14,38416,2744,79590
5,3,0,3,2744,38416,14,38416,79590
3,0,3,5,38416,2744,38416,14,79590
5,3,0,0,38416,2744,14,38416,79590
6,3,0,6,38416,2744,14,38416,79590
3,0,6,0,38416,2744,38416,14,79590
0,6,6,3,14,38416,38416,2744,79590
0,3,0,6,2744,38416,14,38416,79590
0,6,0,3,14,38416,2744,38416,79590
5,3,5,6,2744,38416,14,38416,79590
3,0,5,5,2744,38416,38416,14,79590
5,0,6,5,38416,38416,2744,14,79590
3,3,0,6,38416,38416,14,2744,79590
6,6,5,3,14,2744,38416,38416,79590
0,6,5,0,14,2744,38416,38416,79590
0,6,5,6,14,38416,2744,38416,79590
6,5,5,0,2744,14,38416,38416,79590
3,5,6,5,38416,2744,38416,14,79590
3,5,3,0,38416,14,38416,2744,79590
5,6,0,6,2744,38416,14,38416,79590
3,0,6,3,2744,38416,38416,14,79590
5,3,6,6,38416,38416,14,2744,79590
5,6,5,3,14,38416,2744,38416,79590
5,3,3,6,38416,2744,14,38416,79590
5,5,0,6,38416,2744,14,38416,79590
6,5,3,6,38416,14,2744,38416,79590
3,0,0,5,38416,38416,2744,14,79590
3,3,6,5,38416,38416,2744,14,79590
0,0,5,3,14,38416,38416,2744,79590
6,0,6,5,38416,2744,38416,14,79590
6,5,0,0,38416,14,2744,38416,79590
3,0,6,6,38416,38416,2744,14,79590
4,6,3,2,504,504,7056,70756,78820
0,5,1,2,504,504,7056,70756,78820
1,6,4,5,504,70756,7056,504,78820
6,1,2,5,70756,504,7056,504,78820
1,6,0,7,504,70756,504,7056,78820
0,2,4,6,504,70756,504,7056,78820
1,3,6,7,7056,70756,504,504,78820
3,3,2,4,70756,7056,504,504,78820
3,2,4,6,7056,70756,504,504,78820
1,2,6,3,504,70756,7056,504,78820
6,4,7,3,504,504,70756,7056,78820
3,5,7,1,7056,504,70756,504,78820
3,4,7,0,7056,504,70756,504,78820
0,7,1,0,504,504,7056,70756,78820
4,6,1,6,504,7056,504,70756,78820
0,4,6,1,504,7056,70756,504,78820
5,7,5,2,504,7056,504,70756,78820
5,0,4,7,7056,70756,504,504,78820
7,3,3,4,70756,504,504,7056,78820
1,6,4,6,504,70756,504,7056,78820
0,4,7,0,504,504,70756,7056,78820
0,7,0,2,504,7056,504,70756,78820
0,4,7,5,504,7056,70756,504,78820
1,2,6,6,7056,70756,504,504,78820
5,0,2,4,70756,7056,504,504,78820
6,4,5,1,504,504,70756,7056,78820
7,0,2,0,70756,504,7056,504,78820
2,5,6,1,7056,504,70756,504,78820
4,3,3,2,7056,504,504,70756,78820
6,3,1,2,7056,504,504,70756,78820
1,3,4,3,504,70756,504,7056,78820
6,4,6,1,7056,504,70756,504,78820
2,5,5,1,504,504,70756,7056,78820
6,1,2,6,70756,504,504,7056,78820
0,5,7,1,504,504,70756,7056,78820
3,4,3,1,7056,504,70756,504,78820
6,1,6,4,70756,504,7056,504,78820
2,6,7,0,504,504,70756,7056,78820
1,0,5,7,504,70756,7056,504,78820
1,3,4,5,7056,70756,504,504,78820
2,5,7,5,7056,504,70756,504,78820
5,6,1,2,504,7056,504,70756,78820
4,7,0,3,504,7056,504,70756,78820
2,6,6,1,504,7056,70756,504,78820
6,0,2,4,70756,504,7056,504,78820
4,7,0,0,7056,504,504,70756,78820
4,7,3,3,504,504,7056,70756,78820
4,7,3,6,7056,504,504,70756,78820
7,0,3,4,70756,504,7056,504,78820
4,3,5,2,504,7056,504,70756,78820
3,3,4,7,7056,70756,504,504,78820
7,5,2,6,70756,504,504,7056,78820
7,5,2,5,70756,504,7056,504,78820
7,3,6,4,70756,7056,504,504,78820
6,3,2,4,70756,504,504,7056,78820
4,5,1,3,504,504,7056,70756,78820
7,1,6,0,70756,504,7056,504,78820
4,5,1,6,7056,504,504,70756,78820
7,0,2,6,70756,7056,504,504,78820
4,3,1,0,7056,504,504,70756,78820
6,0,7,1,7056,504,70756,504,78820
4,7,5,6,504,7056,504,70756,78820
4,3,1,3,504,7056,504,70756,78820
7,0,0,4,70756,7056,504,504,78820
0,0,4,7,504,70756,7056,504,78820
6,7,1,6,7056,504,504,70756,78820
4,7,5,0,504,504,7056,70756,78820
0,2,0,7,504,70756,504,7056,78820
0,0,7,1,504,7056,70756,504,78820
3,4,7,3,504,7056,70756,504,78820
3,1,2,6,70756,7056,504,504,78820
1,3,5,7,504,70756,504,7056,78820
7,1,3,6,70756,504,504,7056,78820
7,5,6,4,70756,504,7056,504,78820
1,2,0,5,7056,70756,504,504,78820
3,2,5,7,504,70756,7056,504,78820
0,7,3,2,504,504,7056,70756,78820
5,2,6,7,7056,70756,504,504,78820
1,2,0,3,504,70756,504,7056,78820
3,6,7,1,504,7056,70756,504,78820
5,2,4,5,7056,70756,504,504,78820
0,3,4,7,504,70756,504,7056,78820
1,0,4,3,504,70756,7056,504,78820
6,6,7,1,504,504,70756,7056,78820
5,2,5,7,504,70756,504,7056,78820
2,6,3,1,504,504,70756,7056,78820
4,6,0,2,504,7056,504,70756,78820
7,5,0,4,70756,504,504,7056,78820
5,7,1,0,7056,504,504,70756,78820
7,1,0,0,70756,504,504,7056,78820
6,4,7,5,7056,504,70756,504,78820
7,1,0,5,70756,7056,504,504,78820
3,6,4,7,504,70756,7056,504,78820
0,2,4,5,504,70756,7056,504,78820
7,3,2,0,70756,504,504,7056,78820
6,1,0,4,70756,504,504,7056,78820
6,7,0,2,7056,504,504,70756,78820
2,0,7,0,7056,504,70756,504,78820
1,6,6,7,504,70756,7056,504,78820
0,2,6,7,504,70756,7056,504,78820
5,6,4,7,504,70756,504,7056,78820
4,5,5,2,504,504,7056,70756,78820
3,5,2,4,70756,504,7056,504,78820
4,5,0,2,7056,504,504,70756,78820
2,6,7,5,504,7056,70756,504,78820
7,1,3,5,70756,504,7056,504,78820
3,1,3,4,70756,504,7056,504,78820
3,2,4,3,504,70756,7056,504,78820
0,3,1,2,504,7056,504,70756,78820
3,4,5,1,504,7056,70756,504,78820
5,5,1,2,7056,504,504,70756,78820
1,0,0,7,7056,70756,504,504,78820
5,7,3,2,7056,504,504,70756,78820
0,4,3,1,504,504,70756,7056,78820
6,6,1,2,504,504,7056,70756,78820
7,3,2,5,70756,7056,504,504,78820
0,7,1,6,504,7056,504,70756,78820
1,0,4,6,7056,70756,504,504,78820
2,4,6,3,504,7056,70756,504,78820
5,1,3,4,70756,504,504,7056,78820
7,1,6,6,70756,7056,504,504,78820
3,1,2,0,70756,504,7056,504,78820
2,5,7,3,504,504,70756,7056,78820
2,4,6,0,7056,504,70756,504,78820
4,6,1,0,504,504,7056,70756,78820
5,1,6,4,70756,7056,504,504,78820
3,1,0,4,70756,7056,504,504,78820
6,7,5,2,504,504,7056,70756,78820
2,4,5,5,504,7056,70756,504,78820
1,2,5,6,504,70756,504,7056,78820
1,2,5,5,504,70756,7056,504,78820
2,0,7,3,504,7056,70756,504,78820
5,2,4,3,504,70756,504,7056,78820
2,4,3,3,504,504,70756,7056,78820
2,4,3,5,7056,504,70756,504,78820
2,4,5,0,504,504,70756,7056,78820
6,7,1,3,504,504,7056,70756,78820
5,7,1,3,504,7056,504,70756,78820
5,1,2,0,70756,504,504,7056,78820
3,2,0,7,7056,70756,504,504,78820
5,1,2,5,70756,7056,504,504,78820
2,0,3,1,7056,504,70756,504,78820
5,5,2,4,70756,504,504,7056,78820
2,0,5,1,504,7056,70756,504,78820
5,6,5,6,196,38416,196,38416,77224
5,3,3,0,38416,196,196,38416,77224
6,0,3,5,38416,196,38416,196,77224
0,6,0,6,196,38416,196,38416,77224
5,3,6,5,38416,38416,196,196,77224
0,0,5,5,196,38416,38416,196,77224
5,6,0,3,196,38416,196,38416,77224
6,5,0,6,38416,196,196,38416,77224
3,0,5,3,196,38416,38416,196,77224
5,3,5,3,196,38416,196,38416,77224
3,0,3,0,38416,196,38416,196,77224
6,3,0,0,38416,196,196,38416,77224
3,5,3,5,38416,196,38416,196,77224
6,5,6,5,38416,196,38416,196,77224
3,3,6,6,38416,38416,196,196,77224
0,3,0,3,196,38416,196,38416,77224
0,3,5,6,196,38416,196,38416,77224
5,5,3,6,38416,196,196,38416,77224
0,5,3,3,196,196,38416,38416,77224
5,0,6,6,38416,38416,196,196,77224
5,0,0,5,38416,38416,196,196,77224
6,5,5,3,196,196,38416,38416,77224
6,6,5,0,196,196,38416,38416,77224
3,0,0,6,38416,38416,196,196,77224
3,5,6,0,38416,196,38416,196,77224
0,5,5,0,196,196,38416,38416,77224
5,5,0,0,38416,196,196,38416,77224
6,3,3,6,38416,196,196,38416,77224
3,6,6,3,196,38416,38416,196,77224
6,6,3,3,196,196,38416,38416,77224
3,6,5,5,196,38416,38416,196,77224
0,6,6,5,196,38416,38416,196,77224
0,0,6,3,196,38416,38416,196,77224
6,0,6,0,38416,196,38416,196,77224
0,6,3,0,196,196,38416,38416,77224
3,3,0,5,38416,38416,196,196,77224
6,5,1,6,16464,84,1176,52136,69860
6,0,6,1,16464,1176,52136,84,69860
6,5,1,3,1176,84,16464,52136,69860
4,5,0,6,16464,1176,84,52136,69860
7,3,0,0,52136,1176,84,16464,69860
4,5,0,0,16464,84,1176,52136,69860
1,6,5,6,84,52136,1176,16464,69860
1,0,0,5,16464,52136,1176,84,69860
1,0,0,6,16464,52136,84,1176,69860
1,6,5,5,84,52136,16464,1176,69860
2,6,6,5,1176,16464,52136,84,69860
0,0,4,3,84,52136,16464,1176,69860
0,0,4,5,1176,52136,16464,84,69860
1,3,5,3,84,52136,1176,16464,69860
3,4,5,3,84,16464,52136,1176,69860
3,4,5,5,1176,16464,52136,84,69860
0,0,5,1,84,16464,52136,1176,69860
6,5,2,5,52136,84,16464,1176,69860
2,6,6,3,84,16464,52136,1176,69860
6,5,2,6,52136,84,1176,16464,69860
6,7,3,6,16464,84,1176,52136,69860
6,3,0,2,16464,1176,84,52136,69860
6,5,7,5,16464,84,52136,1176,69860
4,3,5,6,1176,16464,84,52136,69860
4,3,5,3,84,16464,1176,52136,69860
3,6,4,5,1176,52136,16464,84,69860
6,1,3,5,52136,84,16464,1176,69860
3,6,5,1,84,16464,52136,1176,69860
3,6,5,7,84,52136,16464,1176,69860
3,6,6,1,1176,16464,52136,84,69860
3,6,6,7,1176,52136,16464,84,69860
3,6,7,3,84,16464,52136,1176,69860
3,6,7,5,1176,16464,52136,84,69860
3,0,4,3,1176,52136,16464,84,69860
6,6,7,0,1176,84,52136,16464,69860
6,7,3,3,1176,84,16464,52136,69860
6,6,5,2,84,1176,16464,52136,69860
6,6,5,1,84,1176,52136,16464,69860
6,1,3,6,52136,84,1176,16464,69860
6,6,3,2,1176,84,16464,52136,69860
3,6,4,3,84,52136,16464,1176,69860
3,0,4,6,16464,52136,1176,84,69860
7,3,3,0,52136,84,1176,16464,69860
3,5,7,5,16464,1176,52136,84,69860
1,3,0,5,16464,52136,84,1176,69860
1,3,0,3,1176,52136,84,16464,69860
3,5,3,1,16464,84,52136,1176,69860
3,5,6,1,16464,1176,52136,84,69860
3,5,6,4,52136,1176,16464,84,69860
3,5,7,0,16464,84,52136,1176,69860
3,5,2,5,52136,1176,16464,84,69860
6,6,7,3,84,1176,52136,16464,69860
6,1,0,6,52136,1176,84,16464,69860
3,0,5,7,1176,52136,16464,84,69860
6,7,0,6,16464,1176,84,52136,69860
6,7,0,0,16464,84,1176,52136,69860
3,5,2,0,52136,84,16464,1176,69860
3,0,5,1,1176,16464,52136,84,69860
6,6,3,1,1176,84,52136,16464,69860
6,6,1,3,84,1176,16464,52136,69860
3,0,3,4,52136,1176,16464,84,69860
7,0,3,5,52136,1176,16464,84,69860
4,3,0,3,1176,16464,84,52136,69860
3,4,6,3,1176,16464,52136,84,69860
6,0,7,0,16464,84,52136,1176,69860
7,0,3,0,52136,84,16464,1176,69860
3,4,6,0,16464,1176,52136,84,69860
4,3,3,0,16464,84,1176,52136,69860
1,0,6,6,16464,52136,1176,84,69860
3,0,7,0,16464,1176,52136,84,69860
1,0,6,3,1176,52136,16464,84,69860
7,3,0,5,52136,16464,84,1176,69860
4,3,3,6,16464,1176,84,52136,69860
1,0,5,5,1176,52136,16464,84,69860
1,0,5,3,84,52136,16464,1176,69860
6,0,6,4,52136,1176,16464,84,69860
4,3,0,0,16464,1176,84,52136,69860
2,0,6,3,1176,16464,52136,84,69860
6,6,1,0,1176,84,16464,52136,69860
1,6,0,3,84,52136,1176,16464,69860
3,0,3,1,16464,1176,52136,84,69860
6,1,6,0,52136,84,16464,1176,69860
3,0,2,6,52136,16464,1176,84,69860
6,1,0,0,52136,84,1176,16464,69860
3,0,2,0,52136,1176,16464,84,69860
6,5,7,3,1176,84,52136,16464,69860
3,0,0,7,16464,52136,1176,84,69860
6,5,5,1,1176,84,52136,16464,69860
1,6,0,6,1176,52136,84,16464,69860
6,0,7,5,16464,1176,52136,84,69860
6,5,6,4,52136,84,16464,1176,69860
6,5,6,1,16464,84,52136,1176,69860
3,0,0,4,52136,16464,1176,84,69860
6,5,5,2,1176,84,16464,52136,69860
7,5,0,0,52136,84,1176,16464,69860
7,3,6,6,52136,16464,84,1176,69860
1,6,6,3,84,52136,16464,1176,69860
0,3,4,6,1176,52136,84,16464,69860
5,1,6,6,52136,16464,84,1176,69860
5,2,0,3,1176,52136,84,16464,69860
5,2,0,5,16464,52136,84,1176,69860
3,2,6,6,16464,52136,1176,84,69860
5,2,5,3,84,52136,1176,16464,69860
5,2,5,6,1176,52136,84,16464,69860
0,3,5,7,84,52136,1176,16464,69860
3,2,6,3,1176,52136,16464,84,69860
0,3,5,2,84,16464,1176,52136,69860
5,2,6,5,16464,52136,1176,84,69860
5,2,6,6,16464,52136,84,1176,69860
5,3,2,0,52136,1176,84,16464,69860
0,3,4,3,84,52136,1176,16464,69860
7,5,6,0,52136,84,16464,1176,69860
3,2,5,5,1176,52136,16464,84,69860
5,7,0,3,1176,16464,84,52136,69860
5,3,1,0,16464,1176,84,52136,69860
7,5,6,5,52136,1176,16464,84,69860
3,1,3,0,52136,84,16464,1176,69860
5,3,1,3,1176,16464,84,52136,69860
5,7,0,0,16464,1176,84,52136,69860
3,2,5,3,84,52136,16464,1176,69860
5,1,6,5,52136,16464,1176,84,69860
7,0,6,6,52136,16464,1176,84,69860
5,1,3,6,52136,1176,84,16464,69860
5,1,3,0,52136,84,1176,16464,69860
5,0,4,5,16464,52136,1176,84,69860
4,5,3,3,1176,84,16464,52136,69860
0,4,6,5,1176,16464,52136,84,69860
5,0,4,6,16464,52136,84,1176,69860
0,4,6,3,84,16464,52136,1176,69860
7,3,3,6,52136,1176,84,16464,69860
0,4,5,5,84,16464,52136,1176,69860
5,0,6,4,52136,16464,1176,84,69860
2,0,5,5,1176,16464,52136,84,69860
3,3,0,7,16464,52136,84,1176,69860
0,4,5,0,84,1176,52136,16464,69860
5,0,6,7,16464,52136,1176,84,69860
2,0,5,3,84,16464,52136,1176,69860
5,1,0,0,52136,1176,84,16464,69860
5,1,0,5,52136,16464,84,1176,69860
7,5,3,6,52136,84,1176,16464,69860
5,7,3,6,16464,1176,84,52136,69860
0,4,3,3,84,1176,52136,16464,69860
0,4,3,0,1176,84,52136,16464,69860
3,3,0,4,52136,16464,84,1176,69860
5,7,3,0,16464,84,1176,52136,69860
0,3,1,6,1176,16464,84,52136,69860
0,3,1,3,84,16464,1176,52136,69860
3,3,2,6,52136,16464,84,1176,69860
7,0,0,5,52136,16464,1176,84,69860
6,3,3,2,16464,84,1176,52136,69860
5,5,1,6,16464,1176,84,52136,69860
5,5,2,0,52136,84,1176,16464,69860
5,5,2,6,52136,1176,84,16464,69860
0,2,0,6,1176,52136,84,16464,69860
3,2,0,6,16464,52136,84,1176,69860
0,2,0,3,84,52136,1176,16464,69860
5,5,3,2,16464,84,1176,52136,69860
5,5,3,4,52136,84,1176,16464,69860
6,3,2,6,52136,1176,84,16464,69860
3,2,0,5,16464,52136,1176,84,69860
0,3,0,7,1176,52136,84,16464,69860
6,3,2,0,52136,84,1176,16464,69860
6,3,1,6,16464,1176,84,52136,69860
2,0,3,5,16464,1176,52136,84,69860
5,6,0,2,1176,16464,84,52136,69860
5,6,0,7,1176,52136,84,16464,69860
3,1,6,0,52136,1176,16464,84,69860
5,6,1,3,84,16464,1176,52136,69860
5,6,1,6,1176,16464,84,52136,69860
6,3,1,0,16464,84,1176,52136,69860
6,3,0,4,52136,1176,84,16464,69860
2,0,3,0,16464,84,52136,1176,69860
7,0,0,6,52136,16464,84,1176,69860
5,5,1,0,16464,84,1176,52136,69860
5,5,0,4,52136,1176,84,16464,69860
5,3,2,5,52136,16464,84,1176,69860
0,3,0,2,1176,16464,84,52136,69860
5,6,5,7,84,52136,1176,16464,69860
5,3,3,2,16464,1176,84,52136,69860
5,3,3,4,52136,1176,84,16464,69860
5,6,5,2,84,16464,1176,52136,69860
5,3,4,3,1176,52136,84,16464,69860
0,2,6,5,1176,52136,16464,84,69860
5,3,4,5,16464,52136,84,1176,69860
0,2,6,3,84,52136,16464,1176,69860
5,6,4,6,1176,52136,84,16464,69860
5,3,5,2,1176,16464,84,52136,69860
0,2,5,6,84,52136,1176,16464,69860
0,2,5,5,84,52136,16464,1176,69860
3,1,3,5,52136,1176,16464,84,69860
5,6,4,3,84,52136,1176,16464,69860
5,3,5,7,1176,52136,84,16464,69860
5,3,6,4,52136,16464,84,1176,69860
5,3,6,7,16464,52136,84,1176,69860
6,3,3,4,52136,84,1176,16464,69860
5,5,0,2,16464,1176,84,52136,69860
3,3,2,5,52136,16464,1176,84,69860
7,5,3,5,52136,84,16464,1176,69860
3,1,0,6,52136,16464,84,1176,69860
0,7,0,6,1176,16464,84,52136,69860
0,7,0,3,84,16464,1176,52136,69860
6,1,6,5,52136,1176,16464,84,69860
0,6,7,5,84,16464,52136,1176,69860
4,6,3,3,84,1176,16464,52136,69860
2,6,5,0,84,1176,52136,16464,69860
0,6,7,0,84,1176,52136,16464,69860
0,6,6,7,84,52136,16464,1176,69860
0,6,6,1,84,16464,52136,1176,69860
3,4,3,0,16464,84,52136,1176,69860
2,6,3,3,84,1176,52136,16464,69860
6,0,2,5,52136,1176,16464,84,69860
0,0,6,7,1176,52136,16464,84,69860
0,6,4,6,84,52136,1176,16464,69860
0,6,4,5,84,52136,16464,1176,69860
4,6,5,0,84,1176,16464,52136,69860
6,7,5,0,1176,84,16464,52136,69860
2,6,3,0,1176,84,52136,16464,69860
3,1,6,6,52136,16464,1176,84,69860
4,6,5,6,84,16464,1176,52136,69860
0,6,3,1,84,1176,52136,16464,69860
6,4,6,5,16464,1176,52136,84,69860
4,6,3,0,1176,84,16464,52136,69860
0,0,6,1,1176,16464,52136,84,69860
0,6,1,6,84,16464,1176,52136,69860
7,5,0,6,52136,1176,84,16464,69860
1,3,5,6,1176,52136,84,16464,69860
0,7,5,6,84,16464,1176,52136,69860
1,6,6,5,1176,52136,16464,84,69860
4,5,3,6,16464,84,1176,52136,69860
6,0,3,4,52136,84,16464,1176,69860
0,7,5,0,84,1176,16464,52136,69860
6,5,0,4,52136,84,1176,16464,69860
4,5,5,0,1176,84,16464,52136,69860
4,5,5,3,84,1176,16464,52136,69860
6,5,0,2,16464,84,1176,52136,69860
3,0,7,3,1176,16464,52136,84,69860
2,6,5,5,84,16464,52136,1176,69860
0,7,3,3,84,1176,16464,52136,69860
0,0,5,7,84,52136,16464,1176,69860
0,7,3,0,1176,84,16464,52136,69860
3,4,3,5,16464,1176,52136,84,69860
1,3,6,5,16464,52136,1176,84,69860
4,6,0,3,84,16464,1176,52136,69860
4,6,0,6,1176,16464,84,52136,69860
1,3,6,6,16464,52136,84,1176,69860
6,0,3,1,16464,84,52136,1176,69860
2,5,6,5,16464,1176,52136,84,69860
0,6,3,2,84,1176,16464,52136,69860
6,7,5,3,84,1176,16464,52136,69860
6,4,3,3,1176,84,52136,16464,69860
6,4,5,3,84,1176,52136,16464,69860
0,0,7,3,84,16464,52136,1176,69860
6,4,5,0,1176,84,52136,16464,69860
2,5,3,5,16464,84,52136,1176,69860
5,0,0,4,52136,16464,84,1176,69860
0,5,3,2,1176,84,16464,52136,69860
0,5,3,1,1176,84,52136,16464,69860
5,0,0,7,16464,52136,84,1176,69860
6,4,3,5,16464,84,52136,1176,69860
2,5,3,3,1176,84,52136,16464,69860
0,5,5,1,84,1176,52136,16464,69860
3,3,4,6,16464,52136,84,1176,69860
3,3,4,5,16464,52136,1176,84,69860
0,5,1,3,84,1176,16464,52136,69860
5,0,2,5,52136,16464,1176,84,69860
0,5,1,0,1176,84,16464,52136,69860
5,7,5,6,1176,16464,84,52136,69860
5,0,2,6,52136,16464,84,1176,69860
3,1,0,5,52136,16464,1176,84,69860
5,7,5,3,84,16464,1176,52136,69860
7,3,6,5,52136,16464,1176,84,69860
7,0,6,0,52136,1176,16464,84,69860
0,5,5,2,84,1176,16464,52136,69860
0,5,7,0,1176,84,52136,16464,69860
3,3,6,7,16464,52136,1176,84,69860
0,6,1,0,84,1176,16464,52136,69860
0,6,0,7,84,52136,1176,16464,69860
0,6,0,2,84,16464,1176,52136,69860
0,0,7,5,1176,16464,52136,84,69860
2,5,6,0,16464,84,52136,1176,69860
0,5,7,3,84,1176,52136,16464,69860
6,0,2,0,52136,84,16464,1176,69860
2,0,6,0,16464,1176,52136,84,69860
3,5,3,4,52136,84,16464,1176,69860
6,4,6,0,16464,84,52136,1176,69860
3,3,6,4,52136,16464,1176,84,69860
2,5,5,0,1176,84,52136,16464,69860
2,5,5,3,84,1176,52136,16464,69860
6,1,6,6,52136,1176,1176,1176,55664
3,1,3,6,52136,1176,1176,1176,55664
3,3,3,4,52136,1176,1176,1176,55664
3,3,4,3,1176,52136,1176,1176,55664
3,5,0,4,52136,1176,1176,1176,55664
7,3,6,0,52136,1176,1176,1176,55664
3,3,2,0,52136,1176,1176,1176,55664
3,2,0,3,1176,52136,1176,1176,55664
7,3,3,5,52136,1176,1176,1176,55664
3,4,5,0,1176,1176,52136,1176,55664
3,2,5,6,1176,52136,1176,1176,55664
3,3,5,7,1176,52136,1176,1176,55664
0,0,0,7,1176,52136,1176,1176,55664
1,3,6,3,1176,52136,1176,1176,55664
3,5,2,6,52136,1176,1176,1176,55664
6,7,5,6,1176,1176,1176,52136,55664
3,4,3,3,1176,1176,52136,1176,55664
7,0,0,0,52136,1176,1176,1176,55664
1,3,5,5,1176,52136,1176,1176,55664
3,1,0,0,52136,1176,1176,1176,55664
6,4,6,3,1176,1176,52136,1176,55664
4,5,5,6,1176,1176,1176,52136,55664
2,5,6,3,1176,1176,52136,1176,55664
3,5,5,1,1176,1176,52136,1176,55664
0,3,3,2,1176,1176,1176,52136,55664
7,5,6,6,52136,1176,1176,1176,55664
5,6,6,7,1176,52136,1176,1176,55664
0,0,7,0,1176,1176,52136,1176,55664
6,0,2,6,52136,1176,1176,1176,55664
0,3,1,0,1176,1176,1176,52136,55664
2,6,3,5,1176,1176,52136,1176,55664
0,2,6,6,1176,52136,1176,1176,55664
4,6,3,6,1176,1176,1176,52136,55664
0,7,0,0,1176,1176,1176,52136,55664
5,6,4,5,1176,52136,1176,1176,55664
5,6,3,2,1176,1176,1176,52136,55664
7,5,0,5,52136,1176,1176,1176,55664
4,6,0,0,1176,1176,1176,52136,55664
0,7,3,6,1176,1176,1176,52136,55664
0,5,7,5,1176,1176,52136,1176,55664
2,5,5,5,1176,1176,52136,1176,55664
0,5,6,1,1176,1176,52136,1176,55664
5,0,4,3,1176,52136,1176,1176,55664
0,4,3,5,1176,1176,52136,1176,55664
5,1,3,5,52136,1176,1176,1176,55664
5,1,6,0,52136,1176,1176,1176,55664
5,0,5,7,1176,52136,1176,1176,55664
0,4,6,0,1176,1176,52136,1176,55664
5,7,5,0,1176,1176,1176,52136,55664
0,3,6,7,1176,52136,1176,1176,55664
5,0,3,4,52136,1176,1176,1176,55664
6,4,5,5,1176,1176,52136,1176,55664
0,5,0,2,1176,1176,1176,52136,55664
5,2,5,5,1176,52136,1176,1176,55664
5,2,6,3,1176,52136,1176,1176,55664
0,5,1,6,1176,1176,1176,52136,55664
5,0,2,0,52136,1176,1176,1176,55664
0,3,4,5,1176,52136,1176,1176,55664
6,0,0,4,52136,1176,1176,1176,55664
2,0,5,0,1176,1176,52136,1176,55664
5,7,3,3,1176,1176,1176,52136,55664
0,2,0,5,1176,52136,1176,1176,55664
6,1,0,5,52136,1176,1176,1176,55664
6,3,2,5,52136,1176,1176,1176,55664
1,6,6,6,1176,52136,1176,1176,55664
5,5,5,2,1176,1176,1176,52136,55664
6,6,0,2,1176,1176,1176,52136,55664
6,6,1,6,1176,1176,1176,52136,55664
5,5,6,4,52136,1176,1176,1176,55664
6,6,6,1,1176,1176,52136,1176,55664
3,6,7,0,1176,1176,52136,1176,55664
6,3,1,3,1176,1176,1176,52136,55664
5,6,1,0,1176,1176,1176,52136,55664
0,0,3,1,1176,1176,52136,1176,55664
3,6,4,6,1176,52136,1176,1176,55664
3,6,0,7,1176,52136,1176,1176,55664
6,6,7,5,1176,1176,52136,1176,55664
3,6,3,1,1176,1176,52136,1176,55664
1,6,0,5,1176,52136,1176,1176,55664
6,7,0,3,1176,1176,1176,52136,55664
5,5,2,5,52136,1176,1176,1176,55664
2,0,3,3,1176,1176,52136,1176,55664
2,6,6,0,1176,1176,52136,1176,55664
4,5,0,3,1176,1176,1176,52136,55664
1,0,0,3,1176,52136,1176,1176,55664
6,0,5,1,1176,1176,52136,1176,55664
6,3,6,4,52136,1176,1176,1176,55664
6,3,5,2,1176,1176,1176,52136,55664
0,0,4,6,1176,52136,1176,1176,55664
4,3,5,0,1176,1176,1176,52136,55664
3,5,7,3,1176,1176,52136,1176,55664
1,0,5,6,1176,52136,1176,1176,55664
7,0,3,6,52136,1176,1176,1176,55664
4,3,3,3,1176,1176,1176,52136,55664
5,5,1,3,1176,1176,1176,52136,55664
6,0,7,3,1176,1176,52136,1176,55664
2,2,6,5,7056,22344,22344,36,51780
2,0,2,5,22344,7056,22344,36,51780
2,0,4,5,7056,22344,22344,36,51780
7,0,6,7,22344,22344,7056,36,51780
3,1,6,1,22344,7056,22344,36,51780
7,0,7,5,22344,7056,22344,36,51780
3,1,4,5,22344,22344,7056,36,51780
2,2,5,3,36,22344,22344,7056,51780
2,0,6,7,7056,22344,22344,36,51780
1,7,5,3,36,22344,7056,22344,51780
7,0,6,1,22344,7056,22344,36,51780
2,1,6,5,22344,7056,22344,36,51780
7,3,1,6,22344,7056,36,22344,51780
3,0,4,4,22344,22344,7056,36,51780
2,0,6,4,22344,7056,22344,36,51780
3,0,4,1,7056,22344,22344,36,51780
3,0,2,7,22344,22344,7056,36,51780
3,0,2,1,22344,7056,22344,36,51780
1,6,1,3,36,22344,7056,22344,51780
2,7,5,3,36,7056,22344,22344,51780
7,3,0,7,22344,22344,36,7056,51780
2,7,3,0,7056,36,22344,22344,51780
7,3,0,2,22344,7056,36,22344,51780
1,6,5,1,36,22344,22344,7056,51780
1,6,5,2,36,22344,7056,22344,51780
2,6,5,7,36,22344,22344,7056,51780
3,0,7,4,22344,7056,22344,36,51780
2,6,5,2,36,7056,22344,22344,51780
2,6,4,3,36,22344,22344,7056,51780
3,0,7,7,7056,22344,22344,36,51780
1,7,0,6,7056,22344,36,22344,51780
7,0,4,5,22344,22344,7056,36,51780
2,6,1,3,36,7056,22344,22344,51780
7,7,0,6,22344,7056,36,22344,51780
7,2,0,6,22344,22344,36,7056,51780
2,5,3,4,22344,36,22344,7056,51780
2,5,3,2,7056,36,22344,22344,51780
7,2,6,5,22344,22344,7056,36,51780
2,5,2,0,22344,36,22344,7056,51780
2,5,1,0,7056,36,22344,22344,51780
1,6,7,3,36,22344,22344,7056,51780
2,1,3,0,22344,36,22344,7056,51780
3,1,6,7,22344,22344,7056,36,51780
0,7,5,1,36,7056,22344,22344,51780
6,5,1,1,7056,36,22344,22344,51780
0,7,7,3,36,7056,22344,22344,51780
4,5,2,0,22344,36,7056,22344,51780
4,5,3,1,7056,36,22344,22344,51780
0,7,5,7,36,22344,7056,22344,51780
4,5,3,4,22344,36,7056,22344,51780
0,7,4,3,36,22344,7056,22344,51780
5,3,4,4,22344,22344,36,7056,51780
4,5,7,0,7056,36,22344,22344,51780
0,2,5,1,36,22344,22344,7056,51780
0,2,5,2,36,22344,7056,22344,51780
0,6,7,7,36,22344,22344,7056,51780
0,6,7,2,36,7056,22344,22344,51780
7,3,4,6,22344,22344,36,7056,51780
4,4,5,3,36,7056,22344,22344,51780
6,5,1,4,22344,36,7056,22344,51780
4,4,3,0,7056,36,22344,22344,51780
6,5,2,1,22344,36,22344,7056,51780
6,5,2,2,22344,36,7056,22344,51780
1,0,2,5,22344,22344,7056,36,51780
7,4,6,5,22344,7056,22344,36,51780
4,3,4,6,7056,22344,36,22344,51780
1,0,6,1,7056,22344,22344,36,51780
1,0,6,4,22344,22344,7056,36,51780
4,3,2,6,22344,7056,36,22344,51780
1,0,7,5,7056,22344,22344,36,51780
4,3,0,7,7056,22344,36,22344,51780
1,1,0,6,22344,22344,36,7056,51780
4,3,0,4,22344,7056,36,22344,51780
4,2,5,3,36,22344,7056,22344,51780
4,2,0,6,7056,22344,36,22344,51780
4,6,4,3,36,22344,7056,22344,51780
0,6,4,2,36,22344,7056,22344,51780
4,1,3,0,22344,36,7056,22344,51780
5,1,0,7,22344,22344,36,7056,51780
5,3,1,4,22344,7056,36,22344,51780
0,4,5,7,36,22344,22344,7056,51780
0,4,5,2,36,7056,22344,22344,51780
6,4,2,0,22344,36,22344,7056,51780
0,4,4,3,36,22344,22344,7056,51780
5,1,0,2,22344,7056,36,22344,51780
5,1,1,6,22344,7056,36,22344,51780
0,6,4,1,36,22344,22344,7056,51780
0,4,1,3,36,7056,22344,22344,51780
5,1,4,6,22344,22344,36,7056,51780
6,4,1,0,7056,36,22344,22344,51780
5,2,2,6,22344,22344,36,7056,51780
5,2,0,2,7056,22344,36,22344,51780
5,2,0,4,22344,22344,36,7056,51780
7,5,7,0,22344,36,22344,7056,51780
5,3,1,7,7056,22344,36,22344,51780
7,5,3,2,22344,36,7056,22344,51780
7,5,3,1,22344,36,22344,7056,51780
6,4,3,2,7056,36,22344,22344,51780
6,4,3,4,22344,36,22344,7056,51780
5,3,2,2,22344,7056,36,22344,51780
7,7,3,0,22344,36,7056,22344,51780
0,6,1,1,36,7056,22344,22344,51780
5,3,2,7,22344,22344,36,7056,51780
0,6,1,7,36,22344,7056,22344,51780
4,6,7,3,36,7056,22344,22344,51780
7,5,1,0,22344,36,7056,22344,51780
0,2,7,3,36,22344,22344,7056,51780
5,3,4,2,7056,22344,36,22344,51780
4,6,5,7,36,22344,7056,22344,51780
4,6,5,1,36,7056,22344,22344,51780
6,5,7,2,7056,36,22344,22344,51780
0,2,1,3,36,22344,7056,22344,51780
6,7,3,1,7056,36,22344,22344,51780
3,4,2,5,22344,7056,22344,36,51780
5,7,2,6,22344,7056,36,22344,51780
6,7,2,0,22344,36,7056,22344,51780
1,3,0,2,7056,22344,36,22344,51780
1,3,0,4,22344,22344,36,7056,51780
1,3,1,6,7056,22344,36,22344,51780
5,7,4,6,7056,22344,36,22344,51780
1,3,2,6,22344,22344,36,7056,51780
6,7,3,4,22344,36,7056,22344,51780
3,4,6,7,7056,22344,22344,36,51780
3,4,6,4,22344,7056,22344,36,51780
3,4,4,5,7056,22344,22344,36,51780
6,7,7,0,7056,36,22344,22344,51780
1,1,6,5,22344,22344,7056,36,51780
6,1,1,0,22344,36,7056,22344,51780
3,2,7,5,7056,22344,22344,36,51780
3,2,6,4,22344,22344,7056,36,51780
3,2,6,1,7056,22344,22344,36,51780
6,1,3,1,22344,36,22344,7056,51780
6,1,3,2,22344,36,7056,22344,51780
1,4,5,3,36,22344,22344,7056,51780
6,1,7,0,22344,36,22344,7056,51780
3,2,2,5,22344,22344,7056,36,51780
1,4,6,5,7056,22344,22344,36,51780
3,1,7,5,22344,7056,22344,36,51780
7,4,3,0,22344,36,22344,7056,51780
5,2,1,6,7056,22344,36,22344,51780
4,1,0,6,22344,7056,36,22344,51780
6,5,7,4,22344,36,22344,7056,51780
5,7,0,4,22344,7056,36,22344,51780
5,7,0,7,7056,22344,36,22344,51780
1,5,3,0,16464,19,16464,16464,49411
7,6,5,3,19,16464,16464,16464,49411
6,2,3,0,16464,19,16464,16464,49411
6,5,3,7,16464,19,16464,16464,49411
0,1,5,3,19,16464,16464,16464,49411
0,6,5,4,19,16464,16464,16464,49411
4,0,6,5,16464,16464,16464,19,49411
5,3,7,6,16464,16464,19,16464,49411
3,0,6,2,16464,16464,16464,19,49411
5,4,0,6,16464,16464,19,16464,49411
3,7,6,5,16464,16464,16464,19,49411
6,5,4,0,16464,19,16464,16464,49411
0,6,2,3,19,16464,16464,16464,49411
3,0,1,5,16464,16464,16464,19,49411
5,3,0,1,16464,16464,19,16464,49411
2,3,0,6,16464,16464,19,16464,49411
2,4,2,1,4104,1296,41154,1296,47850
7,1,1,4,41154,1296,1296,4104,47850
1,4,7,1,1296,4104,41154,1296,47850
4,1,2,4,41154,1296,1296,4104,47850
2,1,7,1,4104,1296,41154,1296,47850
4,7,1,1,1296,1296,4104,41154,47850
7,2,2,4,41154,4104,1296,1296,47850
7,2,4,7,4104,41154,1296,1296,47850
4,7,1,4,4104,1296,1296,41154,47850
4,7,1,7,1296,4104,1296,41154,47850
4,7,2,2,4104,1296,1296,41154,47850
1,4,4,7,1296,41154,4104,1296,47850
2,4,7,2,1296,1296,41154,4104,47850
4,7,4,2,1296,4104,1296,41154,47850
4,7,7,2,1296,1296,4104,41154,47850
1,1,2,4,41154,4104,1296,1296,47850
2,4,7,4,4104,1296,41154,1296,47850
4,2,1,2,1296,4104,1296,41154,47850
2,4,7,7,1296,4104,41154,1296,47850
1,7,4,7,1296,41154,1296,4104,47850
4,2,4,7,1296,41154,1296,4104,47850
2,7,7,1,1296,1296,41154,4104,47850
2,4,1,1,1296,1296,41154,4104,47850
4,1,1,2,4104,1296,1296,41154,47850
2,1,2,4,41154,1296,4104,1296,47850
1,2,4,1,1296,41154,4104,1296,47850
1,2,7,7,1296,41154,4104,1296,47850
4,4,1,2,1296,1296,4104,41154,47850
1,2,1,7,1296,41154,1296,4104,47850
2,7,1,2,1296,1296,4104,41154,47850
2,4,4,1,1296,4104,41154,1296,47850
1,2,2,7,4104,41154,1296,1296,47850
7,4,7,1,4104,1296,41154,1296,47850
4,4,7,1,1296,1296,41154,4104,47850
7,4,2,4,41154,1296,4104,1296,47850
7,1,4,4,41154,4104,1296,1296,47850
7,1,7,4,41154,1296,4104,1296,47850
7,1,2,1,41154,1296,4104,1296,47850
7,7,2,4,41154,1296,1296,4104,47850
1,2,4,2,1296,41154,1296,4104,47850
1,2,4,4,4104,41154,1296,1296,47850
2,2,4,7,1296,41154,4104,1296,47850
7,7,1,2,4104,1296,1296,41154,47850
7,1,2,2,41154,1296,1296,4104,47850
1,7,1,2,1296,4104,1296,41154,47850
7,1,2,7,41154,4104,1296,1296,47850
1,1,4,7,4104,41154,1296,1296,47850
2,2,7,1,1296,4104,41154,1296,47850
5,7,4,3,504,22344,504,22344,45696
5,5,2,2,22344,504,504,22344,45696
5,2,2,5,22344,22344,504,504,45696
2,1,3,5,22344,504,22344,504,45696
5,7,2,0,22344,504,504,22344,45696
6,1,7,5,22344,504,22344,504,45696
5,2,5,2,504,22344,504,22344,45696
2,2,5,5,504,22344,22344,504,45696
5,2,6,4,22344,22344,504,504,45696
5,7,5,7,504,22344,504,22344,45696
5,5,1,4,22344,504,504,22344,45696
5,7,3,4,22344,504,504,22344,45696
6,1,1,6,22344,504,504,22344,45696
2,1,6,0,22344,504,22344,504,45696
6,0,7,4,22344,504,22344,504,45696
6,1,6,1,22344,504,22344,504,45696
5,6,4,2,504,22344,504,22344,45696
6,3,1,4,22344,504,504,22344,45696
7,2,0,5,22344,22344,504,504,45696
6,3,2,2,22344,504,504,22344,45696
6,1,0,2,22344,504,504,22344,45696
5,6,1,7,504,22344,504,22344,45696
2,2,6,3,504,22344,22344,504,45696
6,0,2,1,22344,504,22344,504,45696
2,6,4,5,504,22344,22344,504,45696
7,0,7,0,22344,504,22344,504,45696
3,4,4,3,504,22344,22344,504,45696
4,2,5,6,504,22344,504,22344,45696
4,2,0,3,504,22344,504,22344,45696
7,7,3,6,22344,504,504,22344,45696
4,1,3,6,22344,504,504,22344,45696
4,1,0,0,22344,504,504,22344,45696
6,6,1,1,504,504,22344,22344,45696
3,6,7,7,504,22344,22344,504,45696
3,6,4,1,504,22344,22344,504,45696
6,6,7,2,504,504,22344,22344,45696
6,7,0,4,22344,504,504,22344,45696
3,5,7,4,22344,504,22344,504,45696
3,5,2,1,22344,504,22344,504,45696
6,7,2,6,22344,504,504,22344,45696
3,4,5,7,504,22344,22344,504,45696
3,4,3,4,22344,504,22344,504,45696
4,3,2,0,22344,504,504,22344,45696
3,4,2,0,22344,504,22344,504,45696
6,7,5,1,504,504,22344,22344,45696
3,3,4,4,22344,22344,504,504,45696
3,3,2,7,22344,22344,504,504,45696
3,1,0,7,22344,22344,504,504,45696
3,2,7,3,504,22344,22344,504,45696
3,1,3,1,22344,504,22344,504,45696
7,0,0,7,22344,22344,504,504,45696
3,2,5,1,504,22344,22344,504,45696
6,7,7,3,504,504,22344,22344,45696
3,2,2,6,22344,22344,504,504,45696
3,1,4,6,22344,22344,504,504,45696
3,2,0,4,22344,22344,504,504,45696
3,1,7,0,22344,504,22344,504,45696
2,7,5,0,504,504,22344,22344,45696
2,7,3,3,504,504,22344,22344,45696
5,2,1,3,504,22344,504,22344,45696
7,0,4,6,22344,22344,504,504,45696
5,1,6,7,22344,22344,504,504,45696
6,4,1,3,504,504,22344,22344,45696
5,1,4,5,22344,22344,504,504,45696
5,1,3,2,22344,504,504,22344,45696
5,1,1,0,22344,504,504,22344,45696
2,5,1,3,504,504,22344,22344,45696
5,0,4,4,22344,22344,504,504,45696
2,5,2,5,22344,504,22344,504,45696
6,4,2,5,22344,504,22344,504,45696
5,0,2,7,22344,22344,504,504,45696
6,4,5,2,504,504,22344,22344,45696
2,5,5,2,504,504,22344,22344,45696
2,5,6,4,22344,504,22344,504,45696
4,6,7,0,504,504,22344,22344,45696
2,6,1,0,504,504,22344,22344,45696
7,0,3,1,22344,504,22344,504,45696
6,4,6,4,22344,504,22344,504,45696
2,6,3,2,504,504,22344,22344,45696
4,6,4,6,504,22344,504,22344,45696
4,6,3,1,504,504,22344,22344,45696
4,6,0,7,504,22344,504,22344,45696
4,5,7,3,504,504,22344,22344,45696
4,5,5,1,504,504,22344,22344,45696
4,5,2,6,22344,504,504,22344,45696
4,5,0,4,22344,504,504,22344,45696
4,4,5,0,504,504,22344,22344,45696
2,6,6,7,504,22344,22344,504,45696
4,4,3,3,504,504,22344,22344,45696
4,3,4,3,504,22344,504,22344,45696
4,3,3,4,22344,504,504,22344,45696
4,3,5,7,504,22344,504,22344,45696
7,7,0,0,22344,504,504,22344,45696
0,7,7,0,504,504,22344,22344,45696
0,7,3,1,504,504,22344,22344,45696
7,3,3,2,22344,504,504,22344,45696
0,2,7,5,504,22344,22344,504,45696
1,1,0,5,22344,22344,504,504,45696
1,3,6,4,22344,22344,504,504,45696
1,3,5,2,504,22344,504,22344,45696
2,0,4,3,504,22344,22344,504,45696
0,4,6,7,504,22344,22344,504,45696
0,4,3,2,504,504,22344,22344,45696
7,3,4,5,22344,22344,504,504,45696
0,3,1,7,504,22344,504,22344,45696
1,3,1,3,504,22344,504,22344,45696
7,5,1,6,22344,504,504,22344,45696
0,3,4,2,504,22344,504,22344,45696
1,1,6,6,22344,22344,504,504,45696
0,2,0,2,504,22344,504,22344,45696
1,4,6,3,504,22344,22344,504,45696
0,0,7,7,504,22344,22344,504,45696
0,2,6,1,504,22344,22344,504,45696
0,4,4,5,504,22344,22344,504,45696
7,5,6,1,22344,504,22344,504,45696
0,7,0,7,504,22344,504,22344,45696
7,4,6,0,22344,504,22344,504,45696
2,0,5,7,504,22344,22344,504,45696
7,5,0,2,22344,504,504,22344,45696
1,4,5,5,504,22344,22344,504,45696
1,3,2,5,22344,22344,504,504,45696
2,0,3,4,22344,504,22344,504,45696
1,0,0,4,22344,22344,504,504,45696
0,5,7,2,504,504,22344,22344,45696
0,5,1,1,504,504,22344,22344,45696
1,0,2,6,22344,22344,504,504,45696
1,6,6,1,504,22344,22344,504,45696
1,6,1,6,504,22344,504,22344,45696
1,6,7,5,504,22344,22344,504,45696
7,5,7,5,22344,504,22344,504,45696
7,3,6,7,22344,22344,504,504,45696
1,7,5,6,504,22344,504,22344,45696
1,6,0,2,504,22344,504,22344,45696
7,3,1,0,22344,504,504,22344,45696
0,2,1,6,504,22344,504,22344,45696
7,2,6,6,22344,22344,504,504,45696
1,0,5,1,504,22344,22344,504,45696
0,0,4,1,504,22344,22344,504,45696
7,4,3,5,22344,504,22344,504,45696
0,4,1,0,504,504,22344,22344,45696
1,7,0,3,504,22344,504,22344,45696
1,0,7,3,504,22344,22344,504,45696
0,7,4,6,504,22344,504,22344,45696
2,0,2,0,22344,504,22344,504,45696
5,0,0,3,2744,38416,196,2744,44100
5,3,3,3,2744,2744,196,38416,44100
3,3,5,6,2744,38416,196,2744,44100
5,0,0,0,38416,2744,196,2744,44100
3,3,6,3,2744,38416,2744,196,44100
3,5,0,0,38416,196,2744,2744,44100
3,3,6,0,38416,2744,2744,196,44100
0,5,3,6,2744,196,2744,38416,44100
5,3,3,5,38416,2744,196,2744,44100
0,5,3,5,2744,196,38416,2744,44100
5,5,0,5,38416,2744,196,2744,44100
3,5,0,5,38416,2744,2744,196,44100
3,5,0,6,38416,2744,196,2744,44100
3,6,3,5,2744,2744,38416,196,44100
3,6,3,3,196,2744,38416,2744,44100
3,6,3,0,2744,196,38416,2744,44100
0,6,0,5,196,38416,2744,2744,44100
0,6,0,0,196,2744,2744,38416,44100
3,6,0,6,2744,38416,196,2744,44100
3,6,0,5,2744,38416,2744,196,44100
5,3,6,3,2744,38416,196,2744,44100
3,6,0,3,196,38416,2744,2744,44100
5,3,6,0,38416,2744,196,2744,44100
3,5,6,6,38416,2744,2744,196,44100
3,5,6,3,2744,2744,38416,196,44100
3,5,5,5,2744,2744,38416,196,44100
3,5,5,3,196,2744,38416,2744,44100
3,5,5,0,2744,196,38416,2744,44100
5,3,5,5,2744,38416,196,2744,44100
0,5,6,5,2744,2744,38416,196,44100
0,5,6,3,196,2744,38416,2744,44100
3,5,3,3,2744,196,38416,2744,44100
0,5,6,0,2744,196,38416,2744,44100
5,3,5,0,2744,2744,196,38416,44100
3,3,5,3,196,38416,2744,2744,44100
5,5,6,5,38416,2744,2744,196,44100
0,5,5,6,196,2744,2744,38416,44100
0,5,5,5,196,2744,38416,2744,44100
3,3,5,5,2744,38416,2744,196,44100
6,0,0,5,38416,2744,2744,196,44100
6,0,0,0,38416,196,2744,2744,44100
6,0,6,6,38416,2744,2744,196,44100
5,5,3,3,2744,196,2744,38416,44100
0,3,5,5,196,38416,2744,2744,44100
0,0,6,6,2744,38416,2744,196,44100
5,5,5,3,196,2744,2744,38416,44100
0,0,6,0,2744,2744,38416,196,44100
6,0,3,3,2744,196,38416,2744,44100
0,0,5,6,196,38416,2744,2744,44100
5,5,3,5,38416,196,2744,2744,44100
0,3,6,3,196,38416,2744,2744,44100
3,0,5,6,2744,38416,2744,196,44100
3,0,5,0,2744,2744,38416,196,44100
0,3,6,5,2744,38416,2744,196,44100
0,3,5,0,196,2744,2744,38416,44100
0,3,6,6,2744,38416,196,2744,44100
3,0,3,6,38416,2744,2744,196,44100
3,0,3,3,2744,2744,38416,196,44100
6,0,3,6,38416,196,2744,2744,44100
3,0,0,3,2744,38416,2744,196,44100
3,0,0,0,38416,2744,2744,196,44100
5,5,5,0,2744,196,2744,38416,44100
6,0,6,3,2744,2744,38416,196,44100
6,0,5,0,2744,196,38416,2744,44100
6,0,5,3,196,2744,38416,2744,44100
6,0,5,5,2744,2744,38416,196,44100
5,5,5,6,2744,2744,196,38416,44100
0,0,3,5,2744,2744,38416,196,44100
0,3,0,0,2744,2744,196,38416,44100
6,0,0,6,38416,2744,196,2744,44100
0,5,0,6,2744,2744,196,38416,44100
3,3,3,6,38416,2744,196,2744,44100
3,3,3,5,38416,2744,2744,196,44100
0,5,0,3,196,2744,2744,38416,44100
0,3,0,5,2744,38416,196,2744,44100
5,0,3,0,38416,196,2744,2744,44100
3,3,3,0,38416,196,2744,2744,44100
0,5,0,0,2744,196,2744,38416,44100
5,0,3,5,38416,2744,2744,196,44100
5,0,3,6,38416,2744,196,2744,44100
3,6,5,0,196,2744,38416,2744,44100
3,3,0,3,2744,38416,196,2744,44100
0,0,3,3,196,2744,38416,2744,44100
3,3,0,0,38416,2744,196,2744,44100
5,0,5,3,196,38416,2744,2744,44100
5,0,5,5,2744,38416,2744,196,44100
5,0,5,6,2744,38416,196,2744,44100
0,3,3,0,2744,196,2744,38416,44100
0,3,3,3,196,2744,2744,38416,44100
5,0,6,0,38416,2744,2744,196,44100
5,0,6,3,2744,38416,2744,196,44100
0,3,3,6,2744,2744,196,38416,44100
0,0,3,0,2744,196,38416,2744,44100
5,5,6,0,38416,196,2744,2744,44100
5,5,6,6,38416,2744,196,2744,44100
3,5,3,6,38416,196,2744,2744,44100
0,0,5,0,196,2744,38416,2744,44100
6,3,6,5,38416,2744,2744,196,44100
6,3,0,3,2744,2744,196,38416,44100
6,6,0,3,196,2744,2744,38416,44100
6,6,0,6,2744,2744,196,38416,44100
5,6,3,3,196,2744,2744,38416,44100
0,0,0,6,2744,38416,196,2744,44100
0,0,0,5,2744,38416,2744,196,44100
6,6,3,5,2744,196,38416,2744,44100
0,6,3,5,196,2744,38416,2744,44100
6,6,3,6,2744,196,2744,38416,44100
0,6,6,6,196,38416,2744,2744,44100
5,6,0,5,2744,38416,196,2744,44100
6,3,3,5,38416,196,2744,2744,44100
0,6,6,0,196,2744,38416,2744,44100
0,0,0,3,196,38416,2744,2744,44100
5,6,3,6,2744,2744,196,38416,44100
6,6,0,0,2744,196,2744,38416,44100
5,6,6,6,2744,38416,196,2744,44100
5,6,6,5,2744,38416,2744,196,44100
5,6,0,0,2744,2744,196,38416,44100
5,6,6,3,196,38416,2744,2744,44100
6,5,6,6,38416,196,2744,2744,44100
6,3,6,0,38416,196,2744,2744,44100
6,5,0,3,2744,196,2744,38416,44100
6,3,5,6,2744,2744,196,38416,44100
6,5,6,3,2744,196,38416,2744,44100
6,3,5,0,2744,196,2744,38416,44100
5,6,5,5,196,38416,2744,2744,44100
6,5,0,5,38416,196,2744,2744,44100
6,5,5,6,2744,196,2744,38416,44100
6,3,5,3,196,2744,2744,38416,44100
5,6,5,0,196,2744,2744,38416,44100
0,6,3,6,196,2744,2744,38416,44100
5,6,3,0,2744,196,2744,38416,44100
6,5,5,5,2744,196,38416,2744,44100
6,6,6,0,2744,196,38416,2744,44100
6,3,6,6,38416,2744,196,2744,44100
3,6,5,6,196,38416,2744,2744,44100
6,3,0,5,38416,2744,196,2744,44100
5,5,0,3,2744,2744,196,38416,44100
3,6,6,6,2744,38416,2744,196,44100
6,6,6,3,196,2744,38416,2744,44100
6,6,6,5,2744,2744,38416,196,44100
6,6,5,6,196,2744,2744,38416,44100
6,6,5,5,196,2744,38416,2744,44100
6,3,3,3,2744,196,2744,38416,44100
3,6,6,0,2744,2744,38416,196,44100
3,1,7,4,30324,3024,9576,216,43140
7,0,2,7,30324,9576,3024,216,43140
7,3,4,7,9576,30324,216,3024,43140
2,7,3,1,3024,216,30324,9576,43140
4,2,5,7,216,30324,3024,9576,43140
4,5,1,1,3024,216,9576,30324,43140
2,7,3,2,3024,216,9576,30324,43140
1,0,2,4,30324,9576,3024,216,43140
4,4,1,3,216,3024,9576,30324,43140
0,7,7,1,216,3024,30324,9576,43140
3,1,7,1,9576,3024,30324,216,43140
1,4,7,3,216,9576,30324,3024,43140
1,4,7,5,3024,9576,30324,216,43140
2,7,5,1,216,3024,30324,9576,43140
7,4,6,1,9576,3024,30324,216,43140
0,4,4,1,216,9576,30324,3024,43140
4,5,1,4,9576,216,3024,30324,43140
5,2,1,2,3024,9576,216,30324,43140
1,4,6,7,3024,30324,9576,216,43140
3,2,2,7,9576,30324,3024,216,43140
2,7,1,0,3024,216,9576,30324,43140
7,7,0,2,9576,3024,216,30324,43140
5,2,1,7,3024,30324,216,9576,43140
3,2,4,1,3024,30324,9576,216,43140
2,7,1,3,216,3024,9576,30324,43140
1,4,5,7,216,30324,9576,3024,43140
4,5,2,4,30324,216,3024,9576,43140
0,4,4,7,216,30324,9576,3024,43140
1,4,6,1,3024,9576,30324,216,43140
4,4,3,2,3024,216,9576,30324,43140
4,5,2,2,9576,216,3024,30324,43140
4,2,4,3,216,30324,3024,9576,43140
4,2,4,6,3024,30324,216,9576,43140
3,2,2,4,30324,9576,3024,216,43140
7,4,7,5,9576,3024,30324,216,43140
6,4,2,1,9576,216,30324,3024,43140
4,2,5,2,216,9576,3024,30324,43140
7,7,1,6,9576,3024,216,30324,43140
0,7,7,2,216,3024,9576,30324,43140
1,6,1,2,216,9576,3024,30324,43140
7,3,4,4,30324,9576,216,3024,43140
4,3,2,2,9576,3024,216,30324,43140
0,4,1,1,216,3024,30324,9576,43140
7,3,2,2,30324,3024,216,9576,43140
4,3,2,4,30324,3024,216,9576,43140
4,4,1,0,3024,216,9576,30324,43140
6,4,1,2,3024,216,9576,30324,43140
4,4,7,3,216,3024,30324,9576,43140
7,4,7,0,9576,216,30324,3024,43140
4,4,7,0,3024,216,30324,9576,43140
6,4,1,1,3024,216,30324,9576,43140
7,3,1,4,30324,3024,216,9576,43140
1,0,7,1,3024,9576,30324,216,43140
4,3,4,2,3024,9576,216,30324,43140
4,3,4,7,3024,30324,216,9576,43140
1,0,4,4,9576,30324,3024,216,43140
1,0,4,1,3024,30324,9576,216,43140
7,4,6,4,30324,3024,9576,216,43140
7,3,1,2,9576,3024,216,30324,43140
4,4,5,1,216,3024,30324,9576,43140
4,4,5,2,216,3024,9576,30324,43140
5,1,4,7,9576,30324,216,3024,43140
7,3,2,7,30324,9576,216,3024,43140
2,7,5,2,216,3024,9576,30324,43140
0,4,1,2,216,3024,9576,30324,43140
5,1,1,2,9576,3024,216,30324,43140
1,0,2,7,9576,30324,3024,216,43140
5,1,1,4,30324,3024,216,9576,43140
3,1,4,7,9576,30324,3024,216,43140
3,1,4,4,30324,9576,3024,216,43140
5,1,2,2,30324,3024,216,9576,43140
2,7,7,0,3024,216,30324,9576,43140
1,1,0,7,9576,30324,216,3024,43140
2,7,7,3,216,3024,30324,9576,43140
1,1,0,4,30324,9576,216,3024,43140
5,1,2,7,30324,9576,216,3024,43140
3,1,2,7,30324,9576,3024,216,43140
3,1,2,1,30324,3024,9576,216,43140
7,0,2,1,30324,3024,9576,216,43140
4,3,1,4,9576,3024,216,30324,43140
1,0,7,7,3024,30324,9576,216,43140
5,1,4,4,30324,9576,216,3024,43140
4,3,1,7,3024,9576,216,30324,43140
3,2,4,4,9576,30324,3024,216,43140
1,6,1,7,216,30324,3024,9576,43140
7,4,3,1,9576,216,30324,3024,43140
7,7,3,4,30324,216,3024,9576,43140
4,6,4,2,216,9576,3024,30324,43140
4,6,4,7,216,30324,3024,9576,43140
1,1,6,7,9576,30324,3024,216,43140
4,7,2,6,9576,3024,216,30324,43140
6,7,2,2,9576,216,3024,30324,43140
7,5,1,4,30324,216,3024,9576,43140
5,2,2,4,30324,9576,216,3024,43140
4,7,3,1,3024,216,9576,30324,43140
5,7,2,4,30324,3024,216,9576,43140
1,3,1,2,3024,9576,216,30324,43140
5,7,2,2,9576,3024,216,30324,43140
4,7,3,4,9576,216,3024,30324,43140
3,4,7,4,9576,3024,30324,216,43140
6,7,2,4,30324,216,3024,9576,43140
1,3,1,7,3024,30324,216,9576,43140
5,7,1,7,3024,9576,216,30324,43140
4,7,4,3,216,9576,3024,30324,43140
1,1,6,4,30324,9576,3024,216,43140
5,7,1,4,9576,3024,216,30324,43140
1,3,2,4,30324,9576,216,3024,43140
6,4,7,2,3024,216,30324,9576,43140
1,3,2,7,9576,30324,216,3024,43140
4,6,1,7,216,9576,3024,30324,43140
1,2,7,5,3024,30324,9576,216,43140
6,7,1,4,9576,216,3024,30324,43140
1,2,7,3,216,30324,9576,3024,43140
5,7,4,7,3024,30324,216,9576,43140
1,2,2,5,9576,30324,3024,216,43140
1,2,2,6,9576,30324,216,3024,43140
7,4,2,5,30324,3024,9576,216,43140
1,2,1,3,216,30324,3024,9576,43140
5,7,4,2,3024,9576,216,30324,43140
7,4,2,0,30324,216,9576,3024,43140
7,7,0,4,30324,3024,216,9576,43140
4,7,0,4,9576,3024,216,30324,43140
4,6,7,2,216,3024,9576,30324,43140
4,7,0,7,3024,9576,216,30324,43140
4,6,7,1,216,3024,30324,9576,43140
7,4,3,4,30324,216,9576,3024,43140
1,2,0,4,9576,30324,216,3024,43140
1,2,0,2,3024,30324,216,9576,43140
1,2,5,1,216,30324,9576,3024,43140
6,7,1,1,3024,216,9576,30324,43140
1,2,5,2,216,30324,3024,9576,43140
7,5,1,2,9576,216,3024,30324,43140
4,7,2,0,9576,216,3024,30324,43140
1,2,6,1,3024,30324,9576,216,43140
1,2,6,4,9576,30324,3024,216,43140
3,4,7,7,3024,9576,30324,216,43140
4,7,4,6,3024,9576,216,30324,43140
4,2,1,6,3024,9576,216,30324,43140
1,2,1,6,3024,30324,216,9576,43140
4,1,3,2,9576,216,3024,30324,43140
4,1,3,4,30324,216,3024,9576,43140
0,7,4,2,216,9576,3024,30324,43140
7,7,2,6,30324,3024,216,9576,43140
0,7,4,7,216,30324,3024,9576,43140
7,7,2,0,30324,216,3024,9576,43140
0,4,7,7,216,9576,30324,3024,43140
6,7,7,1,3024,216,30324,9576,43140
4,2,0,2,3024,9576,216,30324,43140
1,1,2,6,30324,9576,216,3024,43140
0,4,7,2,216,3024,30324,9576,43140
4,7,5,1,216,3024,9576,30324,43140
4,2,0,7,3024,30324,216,9576,43140
1,1,2,5,30324,9576,3024,216,43140
3,2,7,1,3024,9576,30324,216,43140
6,4,2,4,30324,216,9576,3024,43140
1,4,4,3,216,30324,9576,3024,43140
1,4,4,5,3024,30324,9576,216,43140
4,4,3,1,3024,216,30324,9576,43140
4,2,1,3,216,9576,3024,30324,43140
1,4,5,1,216,9576,30324,3024,43140
6,7,7,2,3024,216,9576,30324,43140
4,1,2,6,30324,3024,216,9576,43140
4,1,2,0,30324,216,3024,9576,43140
4,1,1,6,9576,3024,216,30324,43140
1,1,4,5,9576,30324,3024,216,43140
1,3,4,2,3024,30324,216,9576,43140
1,3,4,4,9576,30324,216,3024,43140
0,7,1,1,216,3024,9576,30324,43140
0,7,1,7,216,9576,3024,30324,43140
7,5,2,1,30324,216,9576,3024,43140
3,4,4,7,3024,30324,9576,216,43140
4,7,5,7,216,9576,3024,30324,43140
3,4,4,1,3024,9576,30324,216,43140
4,6,1,1,216,3024,9576,30324,43140
4,7,7,0,3024,216,9576,30324,43140
4,7,7,3,216,3024,9576,30324,43140
3,4,2,4,30324,3024,9576,216,43140
3,4,2,1,9576,3024,30324,216,43140
6,4,7,4,9576,216,30324,3024,43140
4,1,0,2,9576,3024,216,30324,43140
4,1,0,4,30324,3024,216,9576,43140
4,5,7,2,3024,216,9576,30324,43140
1,1,4,6,9576,30324,216,3024,43140
7,5,2,2,30324,216,3024,9576,43140
4,5,7,1,3024,216,30324,9576,43140
4,1,1,0,9576,216,3024,30324,43140
3,2,7,7,3024,30324,9576,216,43140
7,7,3,2,9576,216,3024,30324,43140
7,0,4,4,30324,9576,3024,216,43140
7,1,4,6,30324,9576,216,3024,43140
2,4,5,2,216,3024,30324,9576,43140
0,2,4,2,216,30324,3024,9576,43140
0,2,4,1,216,30324,9576,3024,43140
7,5,7,4,30324,216,9576,3024,43140
2,6,4,1,216,9576,30324,3024,43140
2,0,2,4,30324,3024,9576,216,43140
1,7,1,3,216,9576,3024,30324,43140
7,0,4,7,9576,30324,3024,216,43140
5,2,4,2,3024,30324,216,9576,43140
7,1,4,5,30324,9576,3024,216,43140
2,0,7,4,9576,3024,30324,216,43140
2,4,5,7,216,9576,30324,3024,43140
7,1,3,2,30324,216,3024,9576,43140
0,2,7,7,216,30324,9576,3024,43140
7,1,6,1,30324,3024,9576,216,43140
2,2,7,5,3024,9576,30324,216,43140
1,6,7,7,216,30324,9576,3024,43140
2,4,6,4,9576,3024,30324,216,43140
2,6,4,7,216,30324,9576,3024,43140
6,1,7,1,9576,216,30324,3024,43140
2,2,6,7,3024,30324,9576,216,43140
2,1,6,1,9576,3024,30324,216,43140
2,1,2,0,30324,216,9576,3024,43140
2,0,4,1,3024,9576,30324,216,43140
5,2,4,4,9576,30324,216,3024,43140
7,1,3,1,30324,216,9576,3024,43140
1,6,7,1,216,9576,30324,3024,43140
6,1,2,1,30324,216,9576,3024,43140
6,1,2,2,30324,216,3024,9576,43140
2,4,2,5,9576,3024,30324,216,43140
0,2,7,1,216,9576,30324,3024,43140
2,6,1,2,216,3024,9576,30324,43140
2,4,2,0,9576,216,30324,3024,43140
2,6,1,1,216,3024,30324,9576,43140
2,4,1,3,216,3024,30324,9576,43140
2,4,3,2,3024,216,30324,9576,43140
2,4,1,0,3024,216,30324,9576,43140
2,4,3,4,9576,216,30324,3024,43140
7,1,0,2,30324,3024,216,9576,43140
6,1,7,4,30324,216,9576,3024,43140
1,7,0,2,3024,9576,216,30324,43140
7,1,0,7,30324,9576,216,3024,43140
7,1,1,0,30324,216,3024,9576,43140
7,2,4,6,9576,30324,216,3024,43140
1,7,0,7,3024,30324,216,9576,43140
7,1,1,6,30324,3024,216,9576,43140
7,0,7,1,9576,3024,30324,216,43140
2,4,4,3,216,9576,30324,3024,43140
7,7,1,0,9576,216,3024,30324,43140
7,2,4,5,9576,30324,3024,216,43140
2,0,2,1,9576,3024,30324,216,43140
2,4,4,5,3024,9576,30324,216,43140
2,2,6,1,3024,9576,30324,216,43140
2,2,7,3,216,9576,30324,3024,43140
2,1,6,4,30324,3024,9576,216,43140
7,2,2,6,30324,9576,216,3024,43140
2,2,4,5,3024,30324,9576,216,43140
2,2,4,3,216,30324,9576,3024,43140
2,0,4,7,3024,30324,9576,216,43140
1,7,4,6,3024,30324,216,9576,43140
7,1,6,7,30324,9576,3024,216,43140
7,1,7,0,30324,216,9576,3024,43140
2,1,3,4,30324,216,9576,3024,43140
2,5,1,1,3024,216,30324,9576,43140
2,5,1,2,3024,216,9576,30324,43140
7,5,7,1,9576,216,30324,3024,43140
2,1,2,5,30324,3024,9576,216,43140
7,2,2,5,30324,9576,3024,216,43140
2,1,7,5,9576,3024,30324,216,43140
1,7,4,3,216,30324,3024,9576,43140
1,6,4,2,216,30324,3024,9576,43140
7,2,0,7,9576,30324,216,3024,43140
2,6,7,2,216,3024,30324,9576,43140
2,5,2,1,9576,216,30324,3024,43140
2,5,2,4,30324,216,9576,3024,43140
7,1,7,5,30324,3024,9576,216,43140
7,2,6,4,30324,9576,3024,216,43140
1,6,4,1,216,30324,9576,3024,43140
7,2,6,7,9576,30324,3024,216,43140
5,2,2,7,9576,30324,216,3024,43140
0,2,1,7,216,30324,3024,9576,43140
7,2,0,4,30324,9576,216,3024,43140
2,6,7,7,216,9576,30324,3024,43140
2,0,7,7,3024,9576,30324,216,43140
7,0,7,4,30324,3024,9576,216,43140
0,2,1,2,216,9576,3024,30324,43140
6,1,1,2,9576,216,3024,30324,43140
1,7,1,6,3024,9576,216,30324,43140
1,7,5,2,216,9576,3024,30324,43140
1,7,5,7,216,30324,3024,9576,43140
2,2,5,1,216,9576,30324,3024,43140
2,5,7,2,3024,216,30324,9576,43140
2,4,6,7,3024,9576,30324,216,43140
2,1,7,0,9576,216,30324,3024,43140
2,1,3,1,9576,216,30324,3024,43140
2,5,7,4,9576,216,30324,3024,43140
2,2,5,7,216,30324,9576,3024,43140
6,1,1,4,30324,216,3024,9576,43140
7,5,2,7,30324,684,3024,3024,37056
7,6,1,2,684,3024,3024,30324,37056
3,2,4,2,3024,30324,3024,684,37056
2,5,4,1,3024,684,30324,3024,37056
4,7,5,4,684,3024,3024,30324,37056
1,3,4,1,3024,30324,684,3024,37056
3,4,7,2,3024,3024,30324,684,37056
7,3,7,4,30324,3024,684,3024,37056
7,7,6,4,30324,3024,3024,684,37056
1,7,3,2,3024,684,3024,30324,37056
2,4,3,7,3024,684,30324,3024,37056
1,4,4,6,3024,30324,684,3024,37056
1,4,3,1,3024,684,30324,3024,37056
2,4,4,0,3024,684,30324,3024,37056
3,4,1,1,3024,3024,30324,684,37056
2,4,5,4,684,3024,30324,3024,37056
6,7,4,2,3024,684,3024,30324,37056
1,7,6,7,3024,30324,3024,684,37056
1,3,7,7,3024,30324,684,3024,37056
7,4,7,3,684,3024,30324,3024,37056
0,1,7,1,684,3024,30324,3024,37056
0,4,7,4,684,3024,30324,3024,37056
5,7,7,2,3024,3024,684,30324,37056
7,2,5,7,684,30324,3024,3024,37056
1,4,0,7,3024,30324,684,3024,37056
0,1,4,7,684,30324,3024,3024,37056
2,4,6,2,3024,3024,30324,684,37056
4,7,7,6,3024,3024,684,30324,37056
7,7,2,5,30324,3024,3024,684,37056
4,4,7,5,3024,3024,30324,684,37056
6,4,4,1,3024,684,30324,3024,37056
4,3,1,1,3024,3024,684,30324,37056
1,7,4,5,3024,30324,3024,684,37056
7,2,2,0,30324,684,3024,3024,37056
7,4,0,4,30324,3024,684,3024,37056
5,4,2,4,30324,3024,684,3024,37056
2,1,7,3,684,3024,30324,3024,37056
4,0,7,1,3024,3024,30324,684,37056
1,1,2,0,30324,684,3024,3024,37056
2,2,4,6,3024,30324,684,3024,37056
4,0,4,7,3024,30324,3024,684,37056
0,7,2,2,684,3024,3024,30324,37056
1,1,5,7,684,30324,3024,3024,37056
0,7,1,4,684,3024,3024,30324,37056
4,6,1,4,684,3024,3024,30324,37056
5,7,1,1,3024,3024,684,30324,37056
4,0,2,4,30324,3024,3024,684,37056
4,2,4,5,3024,30324,3024,684,37056
4,6,2,2,684,3024,3024,30324,37056
5,4,1,2,3024,3024,684,30324,37056
4,5,1,7,3024,684,3024,30324,37056
7,7,1,3,684,3024,3024,30324,37056
4,1,1,3,684,3024,3024,30324,37056
2,4,2,3,684,3024,30324,3024,37056
4,2,3,2,3024,684,3024,30324,37056
2,2,0,7,3024,30324,684,3024,37056
4,5,4,2,3024,684,3024,30324,37056
4,1,6,4,30324,3024,3024,684,37056
7,1,7,6,30324,3024,684,3024,37056
4,1,5,2,684,3024,3024,30324,37056
6,1,4,4,30324,684,3024,3024,37056
5,4,4,7,3024,30324,684,3024,37056
1,1,3,4,30324,684,3024,3024,37056
7,2,4,3,684,30324,3024,3024,37056
7,4,5,1,684,3024,30324,3024,37056
2,2,3,1,3024,684,30324,3024,37056
6,2,7,1,3024,684,30324,3024,37056
4,1,2,5,30324,3024,3024,684,37056
1,1,4,3,684,30324,3024,3024,37056
6,4,7,7,3024,684,30324,3024,37056
3,7,7,1,3024,3024,30324,684,37056
2,0,7,2,3024,3024,30324,684,37056
3,7,4,7,3024,30324,3024,684,37056
2,2,7,0,3024,684,30324,3024,37056
1,2,6,2,3024,30324,3024,684,37056
5,2,7,7,3024,30324,684,3024,37056
0,2,4,4,684,30324,3024,3024,37056
4,7,2,3,684,3024,3024,30324,37056
6,7,1,7,3024,684,3024,30324,37056
1,2,7,6,3024,30324,684,3024,37056
7,1,1,5,30324,3024,3024,684,37056
7,7,5,2,684,3024,3024,30324,37056
2,1,5,1,684,3024,30324,3024,37056
2,0,1,1,3024,3024,30324,684,37056
7,1,0,1,30324,3024,684,3024,37056
4,7,3,7,3024,684,3024,30324,37056
4,7,4,0,3024,684,3024,30324,37056
2,4,1,5,3024,3024,30324,684,37056
6,2,1,2,3024,684,3024,30324,37056
6,1,2,7,30324,684,3024,3024,37056
1,2,5,4,684,30324,3024,3024,37056
2,3,4,7,3024,30324,684,3024,37056
7,6,7,1,684,3024,30324,3024,37056
7,1,6,2,30324,3024,3024,684,37056
3,7,2,4,30324,3024,3024,684,37056
7,6,4,7,684,30324,3024,3024,37056
0,1,1,2,684,3024,3024,30324,37056
1,2,0,1,3024,30324,684,3024,37056
2,3,1,2,3024,3024,684,30324,37056
1,2,1,5,3024,30324,3024,684,37056
7,1,3,7,30324,684,3024,3024,37056
2,3,2,4,30324,3024,684,3024,37056
7,4,2,6,30324,3024,684,3024,37056
1,2,2,3,684,30324,3024,3024,37056
4,2,6,7,3024,30324,3024,684,37056
4,7,0,1,3024,3024,684,30324,37056
7,1,4,0,30324,684,3024,3024,37056
2,1,2,6,30324,3024,684,3024,37056
4,2,1,0,3024,684,3024,30324,37056
6,2,2,4,30324,684,3024,3024,37056
2,7,6,1,3024,3024,30324,684,37056
2,5,7,7,3024,684,30324,3024,37056
5,1,2,1,30324,3024,684,3024,37056
2,6,7,4,684,3024,30324,3024,37056
7,0,2,2,30324,3024,3024,684,37056
7,3,2,1,30324,3024,684,3024,37056
1,4,7,0,3024,684,30324,3024,37056
0,2,2,7,684,30324,3024,3024,37056
2,7,1,6,3024,3024,684,30324,37056
2,6,2,1,684,3024,30324,3024,37056
4,4,1,6,3024,3024,684,30324,37056
7,5,4,4,30324,684,3024,3024,37056
3,1,1,4,30324,3024,3024,684,37056
2,1,0,4,30324,3024,684,3024,37056
7,2,3,4,30324,684,3024,3024,37056
7,0,1,4,30324,3024,3024,684,37056
4,3,7,2,3024,3024,684,30324,37056
1,0,4,2,3024,30324,3024,684,37056
1,6,4,4,684,30324,3024,3024,37056
2,7,7,5,3024,3024,30324,684,37056
1,5,2,4,30324,684,3024,3024,37056
1,7,1,0,3024,684,3024,30324,37056
3,1,2,2,30324,3024,3024,684,37056
1,6,2,7,684,30324,3024,3024,37056
1,5,7,1,3024,684,30324,3024,37056
1,5,1,2,3024,684,3024,30324,37056
5,2,4,1,3024,30324,684,3024,37056
3,2,1,7,3024,30324,3024,684,37056
5,1,7,4,30324,3024,684,3024,37056
0,4,2,1,684,3024,30324,3024,37056
1,0,1,7,3024,30324,3024,684,37056
2,7,0,2,3024,3024,684,30324,37056
4,4,0,2,3024,3024,684,30324,37056
4,4,6,1,3024,3024,30324,684,37056
4,3,0,5,16464,16464,84,3724,36736
5,3,4,0,16464,3724,84,16464,36736
2,6,5,6,84,16464,3724,16464,36736
6,6,3,4,3724,84,16464,16464,36736
6,0,3,2,16464,84,16464,3724,36736
0,4,0,3,84,16464,3724,16464,36736
0,0,6,4,3724,16464,16464,84,36736
1,3,3,6,16464,3724,84,16464,36736
3,4,6,6,16464,16464,3724,84,36736
5,7,0,5,16464,16464,84,3724,36736
3,4,0,5,16464,16464,3724,84,36736
0,6,7,6,84,16464,3724,16464,36736
7,6,6,5,3724,16464,16464,84,36736
0,5,4,3,84,3724,16464,16464,36736
5,0,0,2,16464,16464,84,3724,36736
6,5,2,3,3724,84,16464,16464,36736
0,2,3,3,84,3724,16464,16464,36736
5,4,5,3,84,16464,3724,16464,36736
5,5,4,6,16464,3724,84,16464,36736
4,0,0,6,16464,16464,84,3724,36736
5,7,6,6,16464,16464,84,3724,36736
3,6,2,5,3724,16464,16464,84,36736
6,4,3,6,16464,84,3724,16464,36736
6,5,1,5,16464,84,16464,3724,36736
6,2,6,5,16464,3724,16464,84,36736
6,6,2,0,3724,84,16464,16464,36736
4,3,6,6,16464,16464,84,3724,36736
5,3,3,7,16464,3724,84,16464,36736
4,0,3,0,16464,84,16464,3724,36736
2,0,6,6,16464,16464,3724,84,36736
0,2,5,0,84,3724,16464,16464,36736
6,4,0,0,16464,84,3724,16464,36736
6,7,3,5,16464,84,16464,3724,36736
3,0,5,4,3724,16464,16464,84,36736
6,3,4,6,16464,3724,84,16464,36736
4,6,6,3,84,16464,16464,3724,36736
0,1,0,6,3724,16464,84,16464,36736
2,3,6,5,16464,16464,3724,84,36736
3,6,6,4,3724,16464,16464,84,36736
0,0,1,3,84,16464,16464,3724,36736
3,5,6,7,16464,3724,16464,84,36736
3,6,5,2,84,16464,16464,3724,36736
5,6,0,4,3724,16464,84,16464,36736
6,1,3,3,3724,84,16464,16464,36736
1,5,6,5,16464,3724,16464,84,36736
2,3,5,3,84,16464,3724,16464,36736
5,3,6,2,16464,16464,84,3724,36736
3,0,4,0,16464,3724,16464,84,36736
3,0,3,7,16464,3724,16464,84,36736
3,0,2,3,3724,16464,16464,84,36736
3,6,1,3,84,16464,16464,3724,36736
0,6,0,1,84,16464,3724,16464,36736
2,3,3,0,16464,84,3724,16464,36736
5,1,5,6,3724,16464,84,16464,36736
5,5,0,7,16464,3724,84,16464,36736
1,3,0,0,16464,3724,84,16464,36736
5,3,5,4,3724,16464,84,16464,36736
5,5,7,0,16464,84,3724,16464,36736
7,6,0,6,3724,16464,84,16464,36736
3,0,7,6,16464,16464,3724,84,36736
0,5,3,4,3724,84,16464,16464,36736
3,5,1,0,16464,84,16464,3724,36736
6,6,4,3,84,3724,16464,16464,36736
2,0,0,5,16464,16464,3724,84,36736
5,2,3,6,16464,3724,84,16464,36736
3,0,0,1,16464,16464,3724,84,36736
0,6,6,2,84,16464,16464,3724,36736
0,5,5,7,84,3724,16464,16464,36736
3,5,4,5,16464,3724,16464,84,36736
0,6,4,0,84,3724,16464,16464,36736
0,6,3,7,84,3724,16464,16464,36736
3,7,3,0,16464,84,16464,3724,36736
4,6,5,5,84,16464,16464,3724,36736
3,5,3,2,16464,84,16464,3724,36736
6,6,5,7,84,3724,16464,16464,36736
6,0,6,7,16464,3724,16464,84,36736
1,5,5,3,84,3724,16464,16464,36736
3,7,0,6,16464,16464,84,3724,36736
3,7,5,3,84,16464,16464,3724,36736
6,0,4,5,16464,3724,16464,84,36736
6,2,0,6,16464,3724,84,16464,36736
3,1,6,3,3724,16464,16464,84,36736
6,0,1,0,16464,84,16464,3724,36736
5,1,0,3,3724,16464,84,16464,36736
5,4,3,0,16464,84,3724,16464,36736
7,5,5,0,3724,84,16464,16464,36736
3,3,0,2,16464,16464,84,3724,36736
6,3,7,0,16464,84,3724,16464,36736
6,2,5,3,84,3724,16464,16464,36736
4,5,6,0,16464,84,16464,3724,36736
6,5,5,4,3724,84,16464,16464,36736
6,5,0,1,16464,84,3724,16464,36736
6,3,0,7,16464,3724,84,16464,36736
3,3,1,6,16464,16464,84,3724,36736
7,0,5,5,3724,16464,16464,84,36736
7,0,6,3,3724,16464,16464,84,36736
1,6,5,0,84,3724,16464,16464,36736
2,5,0,0,16464,84,3724,16464,36736
5,3,2,3,3724,16464,84,16464,36736
0,3,5,1,84,16464,3724,16464,36736
7,5,3,3,3724,84,16464,16464,36736
5,5,3,1,16464,84,3724,16464,36736
5,6,5,1,84,16464,3724,16464,36736
5,3,1,5,16464,16464,84,3724,36736
1,0,6,0,16464,3724,16464,84,36736
5,6,2,6,3724,16464,84,16464,36736
0,7,5,5,84,16464,16464,3724,36736
4,5,3,5,16464,84,16464,3724,36736
7,6,3,0,3724,84,16464,16464,36736
3,2,3,5,16464,3724,16464,84,36736
5,0,6,1,16464,16464,3724,84,36736
2,5,3,6,16464,84,3724,16464,36736
6,5,6,2,16464,84,16464,3724,36736
0,4,5,6,84,16464,3724,16464,36736
7,3,5,6,3724,16464,84,16464,36736
0,3,2,6,3724,16464,84,16464,36736
6,1,5,0,3724,84,16464,16464,36736
5,0,7,5,16464,16464,3724,84,36736
3,2,6,0,16464,3724,16464,84,36736
0,0,2,5,3724,16464,16464,84,36736
7,3,0,3,3724,16464,84,16464,36736
1,6,3,3,84,3724,16464,16464,36736
0,3,7,3,84,16464,3724,16464,36736
6,5,7,6,16464,84,3724,16464,36736
0,6,1,5,84,16464,16464,3724,36736
0,3,0,4,3724,16464,84,16464,36736
0,1,3,0,3724,84,16464,16464,36736
4,0,5,3,84,16464,16464,3724,36736
0,0,5,2,84,16464,16464,3724,36736
3,3,7,5,16464,16464,3724,84,36736
1,0,3,5,16464,3724,16464,84,36736
1,5,0,6,16464,3724,84,16464,36736
3,1,5,5,3724,16464,16464,84,36736
0,1,6,5,3724,16464,16464,84,36736
3,3,6,1,16464,16464,3724,84,36736
5,6,7,3,84,16464,3724,16464,36736
6,3,3,1,16464,84,3724,16464,36736
5,4,6,5,16464,16464,3724,84,36736
6,7,6,0,16464,84,16464,3724,36736
0,5,2,0,3724,84,16464,16464,36736
5,0,1,6,16464,16464,84,3724,36736
0,7,6,3,84,16464,16464,3724,36736
5,2,0,0,16464,3724,84,16464,36736
2,6,0,3,84,16464,3724,16464,36736
0,1,5,2,114,7056,7056,22344,36570
2,7,0,6,7056,7056,114,22344,36570
2,3,1,6,7056,7056,114,22344,36570
5,4,0,2,7056,7056,114,22344,36570
5,3,7,7,7056,22344,114,7056,36570
2,3,0,7,7056,22344,114,7056,36570
2,1,0,6,22344,7056,114,7056,36570
4,1,6,5,22344,7056,7056,114,36570
7,3,0,1,22344,7056,114,7056,36570
4,2,6,5,7056,22344,7056,114,36570
0,6,2,7,114,22344,7056,7056,36570
5,1,7,6,22344,7056,114,7056,36570
6,2,1,0,7056,114,7056,22344,36570
3,0,1,4,22344,7056,7056,114,36570
3,0,1,7,7056,22344,7056,114,36570
0,6,2,2,114,7056,7056,22344,36570
2,0,6,2,7056,7056,22344,114,36570
2,2,0,6,7056,22344,114,7056,36570
5,3,7,2,7056,7056,114,22344,36570
0,6,2,1,114,7056,22344,7056,36570
0,7,2,3,114,7056,7056,22344,36570
2,3,2,6,22344,7056,114,7056,36570
0,7,5,4,114,7056,7056,22344,36570
2,1,5,3,114,7056,22344,7056,36570
5,3,7,4,22344,7056,114,7056,36570
7,4,5,3,114,7056,22344,7056,36570
3,0,2,2,22344,7056,7056,114,36570
4,5,3,7,7056,114,7056,22344,36570
4,5,4,0,7056,114,7056,22344,36570
1,1,5,3,114,22344,7056,7056,36570
5,4,1,6,7056,7056,114,22344,36570
1,1,3,0,22344,114,7056,7056,36570
4,0,6,1,7056,7056,22344,114,36570
7,6,1,3,114,7056,7056,22344,36570
5,4,4,6,7056,22344,114,7056,36570
2,3,0,4,22344,7056,114,7056,36570
6,1,4,0,22344,114,7056,7056,36570
5,2,0,1,7056,22344,114,7056,36570
6,2,7,0,7056,114,22344,7056,36570
2,2,3,0,7056,114,22344,7056,36570
6,5,4,4,22344,114,7056,7056,36570
6,2,2,0,22344,114,7056,7056,36570
3,7,6,1,7056,7056,22344,114,36570
3,7,6,4,22344,7056,7056,114,36570
1,6,2,3,114,22344,7056,7056,36570
3,7,6,7,7056,22344,7056,114,36570
4,4,0,6,7056,7056,114,22344,36570
4,1,5,3,114,7056,7056,22344,36570
1,6,5,4,114,22344,7056,7056,36570
2,6,5,4,114,7056,22344,7056,36570
5,4,0,7,7056,22344,114,7056,36570
0,6,7,4,114,7056,22344,7056,36570
4,2,3,0,7056,114,7056,22344,36570
6,5,7,7,7056,114,22344,7056,36570
3,7,7,5,7056,7056,22344,114,36570
0,1,4,3,114,22344,7056,7056,36570
4,0,7,5,7056,7056,22344,114,36570
0,1,5,1,114,7056,22344,7056,36570
3,7,4,5,7056,22344,7056,114,36570
2,7,6,5,7056,7056,22344,114,36570
4,0,6,4,22344,7056,7056,114,36570
5,7,0,1,7056,7056,114,22344,36570
5,4,2,6,22344,7056,114,7056,36570
3,0,1,1,7056,7056,22344,114,36570
0,1,1,3,114,7056,7056,22344,36570
6,1,3,7,22344,114,7056,7056,36570
4,0,2,5,22344,7056,7056,114,36570
4,0,6,7,7056,22344,7056,114,36570
2,3,0,2,7056,7056,114,22344,36570
3,7,2,5,22344,7056,7056,114,36570
4,6,5,4,114,7056,7056,22344,36570
6,5,1,7,7056,114,7056,22344,36570
0,6,4,4,114,22344,7056,7056,36570
4,6,2,3,114,7056,7056,22344,36570
5,4,0,4,22344,7056,114,7056,36570
7,6,7,3,114,7056,22344,7056,36570
7,6,4,3,114,22344,7056,7056,36570
4,0,4,5,7056,22344,7056,114,36570
1,7,3,0,7056,114,7056,22344,36570
7,2,5,3,114,22344,7056,7056,36570
3,1,1,5,22344,7056,7056,114,36570
0,1,7,3,114,7056,22344,7056,36570
5,3,4,1,7056,22344,114,7056,36570
0,2,5,4,114,22344,7056,7056,36570
2,6,2,3,114,7056,22344,7056,36570
7,0,6,2,22344,7056,7056,114,36570
0,4,2,3,114,7056,22344,7056,36570
7,7,5,3,114,7056,7056,22344,36570
1,4,3,0,7056,114,22344,7056,36570
6,5,2,7,22344,114,7056,7056,36570
2,0,1,5,7056,7056,22344,114,36570
7,3,7,6,22344,7056,114,7056,36570
3,4,6,2,7056,7056,22344,114,36570
0,1,5,7,114,22344,7056,7056,36570
7,6,5,1,114,7056,22344,7056,36570
5,1,0,1,22344,7056,114,7056,36570
5,3,2,1,22344,7056,114,7056,36570
0,2,2,3,114,22344,7056,7056,36570
1,3,0,1,7056,22344,114,7056,36570
5,7,7,6,7056,7056,114,22344,36570
1,7,6,5,7056,22344,7056,114,36570
1,5,3,4,22344,114,7056,7056,36570
4,3,0,1,7056,7056,114,22344,36570
3,0,7,2,7056,7056,22344,114,36570
7,2,3,0,22344,114,7056,7056,36570
1,4,0,6,7056,22344,114,7056,36570
7,5,3,7,22344,114,7056,7056,36570
7,0,1,5,22344,7056,7056,114,36570
1,0,1,5,7056,22344,7056,114,36570
7,5,4,0,22344,114,7056,7056,36570
3,1,6,2,22344,7056,7056,114,36570
1,5,3,1,7056,114,22344,7056,36570
1,3,7,6,7056,22344,114,7056,36570
7,6,5,2,114,7056,7056,22344,36570
6,2,3,4,22344,114,7056,7056,36570
1,5,3,2,7056,114,7056,22344,36570
5,3,1,1,7056,7056,114,22344,36570
1,5,2,0,22344,114,7056,7056,36570
6,4,4,0,7056,114,22344,7056,36570
6,4,3,7,7056,114,22344,7056,36570
6,2,3,2,7056,114,7056,22344,36570
6,2,3,1,7056,114,22344,7056,36570
6,5,4,2,7056,114,7056,22344,36570
2,5,3,7,7056,114,22344,7056,36570
6,5,4,1,7056,114,22344,7056,36570
4,4,6,5,7056,7056,22344,114,36570
7,7,6,5,22344,7056,7056,114,36570
0,4,5,4,114,7056,22344,7056,36570
2,3,4,6,7056,22344,114,7056,36570
1,5,7,0,7056,114,22344,7056,36570
3,0,4,2,7056,22344,7056,114,36570
6,7,3,7,7056,114,7056,22344,36570
0,6,1,4,114,7056,7056,22344,36570
2,5,4,0,7056,114,22344,7056,36570
7,6,5,7,114,22344,7056,7056,36570
1,0,6,2,7056,22344,7056,114,36570
6,7,4,0,7056,114,7056,22344,36570
3,4,1,5,7056,7056,22344,114,36570
5,2,7,6,7056,22344,114,7056,36570
3,2,6,2,7056,22344,7056,114,36570
3,2,1,5,7056,22344,7056,114,36570
1,5,1,0,7056,114,7056,22344,36570
7,4,0,6,22344,7056,114,7056,36570
4,3,7,6,7056,7056,114,22344,36570
4,0,6,3,1176,16464,16464,266,34370
5,0,1,5,16464,16464,1176,266,34370
4,0,6,6,16464,16464,1176,266,34370
6,2,6,0,16464,266,16464,1176,34370
6,5,4,6,16464,266,1176,16464,34370
0,5,2,3,266,1176,16464,16464,34370
5,4,6,6,16464,16464,266,1176,34370
4,0,6,0,16464,1176,16464,266,34370
4,0,5,5,1176,16464,16464,266,34370
3,3,7,6,16464,16464,266,1176,34370
4,3,6,5,16464,16464,1176,266,34370
5,7,6,5,16464,16464,1176,266,34370
7,6,3,3,266,1176,16464,16464,34370
4,0,3,5,16464,1176,16464,266,34370
2,6,0,6,1176,16464,266,16464,34370
5,0,0,1,16464,16464,266,1176,34370
3,4,0,6,16464,16464,266,1176,34370
3,6,2,3,266,16464,16464,1176,34370
6,2,5,0,1176,266,16464,16464,34370
3,3,6,2,16464,16464,1176,266,34370
5,5,4,0,16464,266,1176,16464,34370
6,2,3,5,16464,266,16464,1176,34370
3,3,0,1,16464,16464,266,1176,34370
6,1,5,3,266,1176,16464,16464,34370
7,3,5,3,266,16464,1176,16464,34370
6,5,6,7,16464,266,16464,1176,34370
6,2,3,3,1176,266,16464,16464,34370
5,0,7,6,16464,16464,266,1176,34370
6,5,5,7,1176,266,16464,16464,34370
5,4,3,6,16464,1176,266,16464,34370
0,1,3,3,266,1176,16464,16464,34370
0,3,2,3,266,16464,1176,16464,34370
5,6,0,1,1176,16464,266,16464,34370
7,6,5,5,266,16464,16464,1176,34370
7,6,6,3,266,16464,16464,1176,34370
5,6,5,4,266,16464,1176,16464,34370
0,1,6,3,266,16464,16464,1176,34370
5,0,6,2,16464,16464,1176,266,34370
6,0,1,5,16464,1176,16464,266,34370
3,2,3,0,16464,266,16464,1176,34370
1,6,3,0,1176,266,16464,16464,34370
2,5,0,6,16464,1176,266,16464,34370
6,7,6,5,16464,1176,16464,266,34370
0,7,6,5,1176,16464,16464,266,34370
5,3,3,1,16464,1176,266,16464,34370
5,5,7,6,16464,1176,266,16464,34370
7,0,5,3,266,16464,16464,1176,34370
5,6,7,6,1176,16464,266,16464,34370
5,2,3,0,16464,266,1176,16464,34370
3,1,5,3,266,16464,16464,1176,34370
0,2,3,0,1176,266,16464,16464,34370
0,3,5,4,266,16464,1176,16464,34370
0,3,7,6,1176,16464,266,16464,34370
6,3,3,7,16464,266,1176,16464,34370
0,3,0,1,1176,16464,266,16464,34370
6,5,4,5,16464,266,16464,1176,34370
6,2,3,6,16464,266,1176,16464,34370
1,5,0,0,16464,266,1176,16464,34370
6,0,6,2,16464,1176,16464,266,34370
6,3,4,0,16464,266,1176,16464,34370
4,5,6,5,16464,1176,16464,266,34370
3,3,1,5,16464,16464,1176,266,34370
0,5,3,7,1176,266,16464,16464,34370
6,5,0,7,16464,266,1176,16464,34370
0,1,5,6,266,16464,1176,16464,34370
1,5,3,5,16464,266,16464,1176,34370
3,0,5,2,1176,16464,16464,266,34370
2,3,6,6,16464,16464,266,1176,34370
0,6,2,6,266,16464,1176,16464,34370
4,6,6,5,1176,16464,16464,266,34370
2,3,0,5,16464,16464,266,1176,34370
3,7,0,5,16464,16464,1176,266,34370
6,5,4,3,1176,266,16464,16464,34370
0,6,3,4,266,1176,16464,16464,34370
3,5,4,0,16464,266,16464,1176,34370
3,5,3,7,16464,266,16464,1176,34370
2,3,0,3,1176,16464,266,16464,34370
1,5,5,0,1176,266,16464,16464,34370
2,3,0,0,16464,1176,266,16464,34370
5,4,0,3,1176,16464,266,16464,34370
3,0,1,0,16464,1176,16464,266,34370
6,6,5,4,266,1176,16464,16464,34370
5,6,2,3,266,16464,1176,16464,34370
7,6,5,6,266,16464,1176,16464,34370
5,3,5,1,1176,16464,266,16464,34370
6,4,0,6,16464,1176,266,16464,34370
0,0,5,4,266,16464,16464,1176,34370
0,6,2,5,266,16464,16464,1176,34370
1,5,6,0,16464,266,16464,1176,34370
5,4,0,0,16464,1176,266,16464,34370
7,5,5,3,266,1176,16464,16464,34370
5,3,7,0,16464,1176,266,16464,34370
0,6,2,0,266,1176,16464,16464,34370
6,0,3,7,16464,266,16464,1176,34370
6,3,0,1,16464,1176,266,16464,34370
3,0,3,2,16464,1176,16464,266,34370
6,0,4,0,16464,266,16464,1176,34370
5,3,7,3,1176,16464,266,16464,34370
0,6,0,4,266,16464,1176,16464,34370
0,0,1,5,1176,16464,16464,266,34370
0,1,5,0,266,1176,16464,16464,34370
3,0,1,3,1176,16464,16464,266,34370
2,3,5,6,1176,16464,266,16464,34370
3,0,1,6,16464,16464,1176,266,34370
3,6,5,4,266,16464,16464,1176,34370
5,3,6,1,16464,16464,266,1176,34370
5,5,3,7,16464,266,1176,16464,34370
5,3,7,5,16464,16464,266,1176,34370
5,1,5,3,266,16464,1176,16464,34370
3,6,6,2,1176,16464,16464,266,34370
3,5,6,2,16464,1176,16464,266,34370
1,5,3,6,16464,266,1176,16464,34370
7,6,0,3,266,16464,1176,16464,34370
0,4,0,6,1176,16464,266,16464,34370
0,6,6,4,266,16464,16464,1176,34370
6,6,4,0,1176,266,16464,16464,34370
1,0,3,0,16464,266,16464,1176,34370
3,7,6,0,16464,1176,16464,266,34370
6,6,3,7,1176,266,16464,16464,34370
6,2,0,0,16464,266,1176,16464,34370
3,7,6,6,16464,16464,1176,266,34370
1,3,3,0,16464,266,1176,16464,34370
0,5,5,4,266,1176,16464,16464,34370
0,1,0,3,266,16464,1176,16464,34370
0,0,2,3,266,16464,16464,1176,34370
4,0,0,5,16464,16464,1176,266,34370
0,5,4,0,1176,266,16464,16464,34370
0,0,6,2,1176,16464,16464,266,34370
0,1,5,5,266,16464,16464,1176,34370
6,6,2,3,266,1176,16464,16464,34370
2,3,3,6,16464,1176,266,16464,34370
5,5,0,1,16464,1176,266,16464,34370
3,7,5,5,1176,16464,16464,266,34370
3,7,6,3,1176,16464,16464,266,34370
3,6,1,5,1176,16464,16464,266,34370
7,6,5,0,266,1176,16464,16464,34370
6,3,7,6,16464,1176,266,16464,34370
5,4,5,6,1176,16464,266,16464,34370
3,0,0,2,16464,16464,1176,266,34370
1,5,3,3,1176,266,16464,16464,34370
2,0,0,6,16464,16464,266,1176,34370
3,5,1,5,16464,1176,16464,266,34370
5,4,0,5,16464,16464,266,1176,34370
3,7,3,5,16464,1176,16464,266,34370
4,4,6,0,7056,504,22344,1596,31500
5,4,6,7,7056,22344,1596,504,31500
1,0,1,6,7056,22344,504,1596,31500
4,5,0,7,7056,1596,504,22344,31500
1,0,0,1,7056,22344,1596,504,31500
1,0,2,0,22344,1596,7056,504,31500
0,2,2,6,1596,22344,504,7056,31500
0,2,2,5,1596,22344,7056,504,31500
4,4,3,5,7056,504,22344,1596,31500
5,6,1,4,1596,7056,504,22344,31500
6,3,4,2,7056,1596,504,22344,31500
4,4,3,6,7056,504,1596,22344,31500
0,2,3,2,504,1596,7056,22344,31500
4,5,2,5,22344,504,7056,1596,31500
4,4,6,3,504,7056,22344,1596,31500
1,0,1,3,504,22344,7056,1596,31500
5,4,4,5,7056,22344,1596,504,31500
0,7,7,6,504,7056,1596,22344,31500
5,4,4,3,504,22344,1596,7056,31500
0,1,6,1,1596,7056,22344,504,31500
5,4,5,7,504,22344,1596,7056,31500
0,7,7,5,504,7056,22344,1596,31500
5,6,1,1,504,7056,1596,22344,31500
7,5,0,1,22344,504,1596,7056,31500
4,5,0,1,7056,504,1596,22344,31500
4,4,5,5,504,7056,22344,1596,31500
0,2,3,1,504,1596,22344,7056,31500
6,3,4,4,22344,1596,504,7056,31500
5,4,6,4,22344,7056,1596,504,31500
6,3,1,1,7056,504,1596,22344,31500
4,4,5,6,504,7056,1596,22344,31500
1,0,0,2,7056,22344,504,1596,31500
4,5,2,3,1596,504,7056,22344,31500
5,5,1,1,7056,504,1596,22344,31500
0,7,6,1,504,7056,22344,1596,31500
0,7,6,7,504,22344,7056,1596,31500
5,4,5,2,504,7056,1596,22344,31500
7,5,5,1,1596,504,22344,7056,31500
7,6,0,2,1596,7056,504,22344,31500
0,4,3,4,1596,504,22344,7056,31500
5,0,7,4,22344,7056,1596,504,31500
5,2,7,5,7056,22344,1596,504,31500
5,0,7,7,7056,22344,1596,504,31500
0,4,4,0,504,1596,22344,7056,31500
5,2,7,3,504,22344,1596,7056,31500
0,4,3,7,504,1596,22344,7056,31500
6,3,7,2,7056,504,1596,22344,31500
6,3,2,1,22344,504,1596,7056,31500
0,3,4,4,1596,22344,504,7056,31500
5,1,1,3,1596,7056,504,22344,31500
5,2,6,2,7056,22344,504,1596,31500
5,1,1,5,22344,7056,504,1596,31500
0,4,2,5,1596,7056,22344,504,31500
5,2,6,1,7056,22344,1596,504,31500
6,4,1,6,7056,504,1596,22344,31500
0,3,4,1,504,22344,1596,7056,31500
5,1,3,1,22344,504,1596,7056,31500
5,0,4,2,7056,22344,504,1596,31500
5,0,2,2,22344,7056,504,1596,31500
0,5,1,4,1596,504,7056,22344,31500
0,3,1,1,504,7056,1596,22344,31500
6,4,2,6,22344,504,1596,7056,31500
0,3,1,4,1596,7056,504,22344,31500
5,0,4,1,7056,22344,1596,504,31500
0,4,6,4,1596,7056,22344,504,31500
7,5,6,2,22344,504,7056,1596,31500
0,4,6,2,504,7056,22344,1596,31500
7,5,6,7,22344,1596,7056,504,31500
0,3,2,2,1596,7056,504,22344,31500
0,3,2,7,1596,22344,504,7056,31500
0,2,0,4,1596,22344,504,7056,31500
0,4,4,6,504,22344,1596,7056,31500
6,4,1,5,7056,504,22344,1596,31500
0,4,2,0,1596,504,22344,7056,31500
4,5,4,3,504,1596,7056,22344,31500
7,5,4,5,22344,1596,7056,504,31500
5,1,7,5,22344,7056,1596,504,31500
6,3,2,7,22344,1596,504,7056,31500
5,2,3,4,22344,1596,504,7056,31500
6,4,0,2,7056,504,1596,22344,31500
5,2,3,2,7056,1596,504,22344,31500
0,4,0,2,504,7056,1596,22344,31500
0,3,7,7,504,22344,1596,7056,31500
5,5,4,4,22344,1596,504,7056,31500
7,5,4,6,22344,1596,504,7056,31500
5,2,1,0,7056,1596,504,22344,31500
5,5,4,2,7056,1596,504,22344,31500
5,2,1,5,7056,22344,504,1596,31500
5,2,2,0,22344,1596,504,7056,31500
5,2,2,3,1596,22344,504,7056,31500
6,4,0,4,22344,504,1596,7056,31500
5,1,7,0,22344,504,1596,7056,31500
0,4,1,6,504,7056,1596,22344,31500
5,2,5,1,504,22344,1596,7056,31500
0,4,1,5,504,7056,22344,1596,31500
0,2,0,1,504,22344,1596,7056,31500
5,1,3,7,22344,1596,504,7056,31500
5,1,4,0,22344,1596,504,7056,31500
5,1,4,3,1596,22344,504,7056,31500
5,2,5,4,1596,22344,504,7056,31500
5,1,5,2,1596,7056,504,22344,31500
0,1,7,5,1596,7056,22344,504,31500
6,3,7,4,22344,504,1596,7056,31500
7,5,5,2,1596,504,7056,22344,31500
5,1,5,7,1596,22344,504,7056,31500
0,4,0,7,504,22344,1596,7056,31500
5,1,6,1,22344,7056,1596,504,31500
5,1,6,2,22344,7056,504,1596,31500
5,0,2,1,22344,7056,1596,504,31500
0,5,1,7,504,1596,7056,22344,31500
5,0,1,7,7056,22344,504,1596,31500
5,4,1,3,504,7056,1596,22344,31500
4,5,7,6,7056,504,1596,22344,31500
4,6,0,1,504,7056,1596,22344,31500
0,7,2,6,1596,7056,504,22344,31500
4,6,0,4,1596,7056,504,22344,31500
5,5,7,4,22344,504,1596,7056,31500
0,7,2,0,1596,504,7056,22344,31500
4,6,2,0,1596,504,7056,22344,31500
5,4,2,0,22344,504,1596,7056,31500
7,6,0,7,1596,22344,504,7056,31500
7,5,0,7,22344,1596,504,7056,31500
4,6,2,6,1596,7056,504,22344,31500
5,5,7,2,7056,504,1596,22344,31500
0,7,0,4,1596,7056,504,22344,31500
0,7,0,1,504,7056,1596,22344,31500
4,5,7,5,7056,504,22344,1596,31500
5,5,2,1,22344,504,1596,7056,31500
5,0,1,4,22344,7056,504,1596,31500
0,7,4,0,504,1596,7056,22344,31500
4,5,4,6,7056,1596,504,22344,31500
5,4,3,4,22344,504,1596,7056,31500
0,7,4,5,504,22344,7056,1596,31500
5,4,3,2,7056,504,1596,22344,31500
5,5,1,7,7056,1596,504,22344,31500
4,5,5,4,1596,504,7056,22344,31500
4,5,5,7,504,1596,7056,22344,31500
0,7,3,4,1596,504,7056,22344,31500
4,5,6,1,7056,504,22344,1596,31500
0,7,3,7,504,1596,7056,22344,31500
4,5,6,4,22344,504,7056,1596,31500
0,2,1,5,504,22344,7056,1596,31500
7,6,1,0,1596,504,7056,22344,31500
5,4,2,5,22344,7056,1596,504,31500
5,4,1,0,7056,504,1596,22344,31500
4,6,3,4,1596,504,7056,22344,31500
7,5,7,6,22344,504,1596,7056,31500
0,5,4,1,504,1596,22344,7056,31500
0,2,6,2,504,22344,7056,1596,31500
0,2,6,4,1596,22344,7056,504,31500
0,2,7,0,504,1596,22344,7056,31500
6,4,5,4,1596,504,22344,7056,31500
0,1,7,0,1596,504,22344,7056,31500
0,5,4,2,504,1596,7056,22344,31500
6,4,4,5,7056,1596,22344,504,31500
4,6,3,7,504,1596,7056,22344,31500
6,4,4,3,504,1596,22344,7056,31500
6,3,1,7,7056,1596,504,22344,31500
5,5,2,7,22344,1596,504,7056,31500
0,5,2,2,1596,504,7056,22344,31500
0,5,2,1,1596,504,22344,7056,31500
0,2,7,6,504,22344,1596,7056,31500
6,4,5,7,504,1596,22344,7056,31500
7,5,1,5,22344,504,7056,1596,31500
0,3,7,2,504,7056,1596,22344,31500
7,5,1,3,1596,504,7056,22344,31500
6,4,6,2,7056,504,22344,1596,31500
0,5,7,4,1596,504,22344,7056,31500
0,5,7,7,504,1596,22344,7056,31500
7,5,7,3,1596,504,22344,7056,31500
0,2,1,0,504,1596,7056,22344,31500
4,6,7,6,504,7056,1596,22344,31500
4,6,7,5,504,7056,22344,1596,31500
4,6,6,7,504,22344,7056,1596,31500
0,1,6,7,1596,22344,7056,504,31500
4,6,6,1,504,7056,22344,1596,31500
6,4,6,7,7056,1596,22344,504,31500
4,6,4,5,504,22344,7056,1596,31500
4,6,4,0,504,1596,7056,22344,31500
6,4,2,3,1596,504,22344,7056,31500
7,2,3,5,22344,1596,7056,504,31500
6,0,1,4,22344,504,7056,1596,31500
3,2,7,0,7056,1596,22344,504,31500
6,7,7,5,7056,504,22344,1596,31500
2,0,0,4,22344,7056,1596,504,31500
1,4,5,6,504,22344,1596,7056,31500
1,0,2,3,1596,22344,7056,504,31500
7,0,7,6,22344,7056,1596,504,31500
3,2,5,2,504,22344,7056,1596,31500
1,4,5,0,504,1596,22344,7056,31500
3,2,5,4,1596,22344,7056,504,31500
7,3,5,2,1596,7056,504,22344,31500
2,0,0,7,7056,22344,1596,504,31500
6,0,1,1,7056,504,22344,1596,31500
6,7,7,6,7056,504,1596,22344,31500
1,4,3,5,7056,1596,22344,504,31500
2,0,1,0,7056,504,22344,1596,31500
3,2,7,6,7056,22344,1596,504,31500
1,4,3,3,504,1596,22344,7056,31500
7,3,5,7,1596,22344,504,7056,31500
3,3,1,4,22344,7056,504,1596,31500
3,3,1,7,7056,22344,504,1596,31500
3,3,2,1,22344,7056,1596,504,31500
3,3,2,2,22344,7056,504,1596,31500
6,7,6,4,22344,504,7056,1596,31500
3,2,3,4,22344,1596,7056,504,31500
3,2,3,1,7056,1596,22344,504,31500
6,1,1,5,22344,504,7056,1596,31500
7,7,6,0,22344,504,7056,1596,31500
3,1,5,1,1596,7056,22344,504,31500
1,5,0,4,22344,1596,504,7056,31500
7,3,4,3,1596,22344,504,7056,31500
0,0,7,4,1596,7056,22344,504,31500
3,1,5,7,1596,22344,7056,504,31500
7,2,5,6,1596,22344,504,7056,31500
1,5,0,2,7056,1596,504,22344,31500
6,0,2,2,22344,504,7056,1596,31500
3,1,7,3,1596,7056,22344,504,31500
3,1,7,6,22344,7056,1596,504,31500
7,0,0,2,22344,7056,504,1596,31500
1,4,6,0,7056,1596,22344,504,31500
3,2,0,1,7056,22344,1596,504,31500
7,2,5,5,1596,22344,7056,504,31500
3,2,0,2,7056,22344,504,1596,31500
1,4,6,6,7056,22344,1596,504,31500
7,0,7,3,1596,7056,22344,504,31500
7,0,0,1,22344,7056,1596,504,31500
3,2,1,3,504,22344,7056,1596,31500
3,2,1,6,7056,22344,504,1596,31500
3,2,2,0,22344,1596,7056,504,31500
3,2,2,3,1596,22344,7056,504,31500
7,3,6,1,22344,7056,1596,504,31500
7,3,6,2,22344,7056,504,1596,31500
6,7,6,1,7056,504,22344,1596,31500
0,1,0,2,1596,7056,504,22344,31500
3,4,2,6,22344,7056,1596,504,31500
7,6,6,7,1596,22344,7056,504,31500
1,3,7,3,504,22344,1596,7056,31500
3,4,3,2,7056,504,22344,1596,31500
2,3,5,7,504,22344,1596,7056,31500
7,3,7,0,22344,504,1596,7056,31500
6,2,6,1,7056,1596,22344,504,31500
3,4,3,7,7056,1596,22344,504,31500
3,4,4,0,7056,1596,22344,504,31500
2,3,5,2,504,7056,1596,22344,31500
1,3,6,2,7056,22344,504,1596,31500
2,0,1,3,504,7056,22344,1596,31500
2,3,4,5,7056,22344,1596,504,31500
1,3,6,1,7056,22344,1596,504,31500
3,4,4,6,7056,22344,1596,504,31500
1,3,5,4,1596,22344,504,7056,31500
3,4,5,2,504,7056,22344,1596,31500
3,4,5,4,1596,7056,22344,504,31500
2,5,5,4,1596,504,22344,7056,31500
7,3,7,5,22344,7056,1596,504,31500
7,4,0,0,22344,504,1596,7056,31500
1,3,3,4,22344,1596,504,7056,31500
5,7,6,4,22344,7056,504,1596,31500
3,4,2,3,1596,7056,22344,504,31500
1,3,7,5,7056,22344,1596,504,31500
5,7,6,7,7056,22344,504,1596,31500
6,7,5,7,504,1596,7056,22344,31500
3,3,4,1,7056,22344,1596,504,31500
3,3,4,2,7056,22344,504,1596,31500
6,2,5,1,504,1596,22344,7056,31500
0,0,2,1,1596,7056,22344,504,31500
2,3,6,7,7056,22344,1596,504,31500
6,2,5,2,504,1596,7056,22344,31500
2,3,6,4,22344,7056,1596,504,31500
6,7,5,4,1596,504,7056,22344,31500
1,4,0,5,7056,22344,1596,504,31500
5,7,7,3,504,7056,1596,22344,31500
1,4,0,3,504,22344,1596,7056,31500
3,3,7,4,22344,7056,1596,504,31500
3,3,7,7,7056,22344,1596,504,31500
6,7,4,6,7056,1596,504,22344,31500
6,7,4,3,504,1596,7056,22344,31500
3,4,0,4,22344,7056,1596,504,31500
3,4,0,7,7056,22344,1596,504,31500
3,4,1,0,7056,504,22344,1596,31500
5,7,7,0,7056,504,1596,22344,31500
3,4,1,3,504,7056,22344,1596,31500
1,7,6,6,7056,22344,504,1596,31500
0,0,7,2,504,7056,22344,1596,31500
5,7,5,4,1596,7056,504,22344,31500
2,7,0,0,7056,504,1596,22344,31500
0,0,4,2,504,22344,7056,1596,31500
2,6,4,6,504,22344,1596,7056,31500
1,6,7,6,504,22344,1596,7056,31500
1,7,3,6,7056,1596,504,22344,31500
1,6,7,0,504,1596,22344,7056,31500
1,6,6,4,1596,22344,7056,504,31500
1,6,6,2,504,22344,7056,1596,31500
2,6,6,2,504,7056,22344,1596,31500
2,6,6,4,1596,7056,22344,504,31500
7,2,6,3,1596,22344,7056,504,31500
7,0,4,0,22344,1596,7056,504,31500
1,7,3,3,504,1596,7056,22344,31500
2,7,0,3,504,7056,1596,22344,31500
0,0,4,4,1596,22344,7056,504,31500
6,1,0,7,22344,1596,504,7056,31500
2,5,2,6,22344,504,1596,7056,31500
7,0,3,7,22344,1596,7056,504,31500
2,5,2,3,1596,504,22344,7056,31500
1,6,3,2,504,1596,7056,22344,31500
1,6,3,1,504,1596,22344,7056,31500
2,5,1,6,7056,504,1596,22344,31500
6,2,1,6,7056,1596,504,22344,31500
1,7,0,0,7056,1596,504,22344,31500
2,6,4,0,504,1596,22344,7056,31500
3,1,4,3,1596,22344,7056,504,31500
6,0,7,2,7056,504,22344,1596,31500
6,1,0,1,22344,504,1596,7056,31500
2,5,5,7,504,1596,22344,7056,31500
6,0,7,7,7056,1596,22344,504,31500
2,5,6,2,7056,504,22344,1596,31500
7,7,0,5,22344,7056,504,1596,31500
2,5,6,7,7056,1596,22344,504,31500
6,2,1,3,504,1596,7056,22344,31500
7,0,5,7,1596,22344,7056,504,31500
2,5,4,5,7056,1596,22344,504,31500
7,0,5,1,1596,7056,22344,504,31500
2,6,0,2,504,7056,1596,22344,31500
2,6,3,7,504,1596,22344,7056,31500
2,6,0,7,504,22344,1596,7056,31500
2,6,1,5,504,7056,22344,1596,31500
2,6,1,6,504,7056,1596,22344,31500
2,5,4,3,504,1596,22344,7056,31500
2,6,2,0,1596,504,22344,7056,31500
2,6,2,5,1596,7056,22344,504,31500
1,7,0,5,7056,22344,504,1596,31500
0,0,2,7,1596,22344,7056,504,31500
2,6,3,4,1596,504,22344,7056,31500
7,0,4,3,1596,22344,7056,504,31500
7,0,3,2,22344,504,7056,1596,31500
7,7,5,0,1596,504,7056,22344,31500
1,6,2,6,1596,22344,504,7056,31500
3,1,1,6,22344,7056,504,1596,31500
6,1,1,3,1596,504,7056,22344,31500
1,5,5,2,504,1596,7056,22344,31500
1,5,5,1,504,1596,22344,7056,31500
7,3,3,1,22344,504,1596,7056,31500
3,1,0,1,22344,7056,1596,504,31500
3,1,0,2,22344,7056,504,1596,31500
1,5,2,6,22344,1596,504,7056,31500
1,7,5,5,504,22344,7056,1596,31500
1,5,2,5,22344,1596,7056,504,31500
3,1,1,0,22344,504,7056,1596,31500
7,0,1,0,22344,504,7056,1596,31500
2,5,1,5,7056,504,22344,1596,31500
7,3,3,7,22344,1596,504,7056,31500
7,2,6,0,22344,1596,7056,504,31500
1,5,1,6,7056,1596,504,22344,31500
7,3,4,0,22344,1596,504,7056,31500
6,0,2,7,22344,1596,7056,504,31500
3,1,3,2,22344,504,7056,1596,31500
1,5,1,3,504,1596,7056,22344,31500
3,1,3,7,22344,1596,7056,504,31500
3,1,4,0,22344,1596,7056,504,31500
1,7,6,3,504,22344,7056,1596,31500
1,5,6,1,7056,1596,22344,504,31500
7,3,1,5,22344,7056,504,1596,31500
1,5,6,4,22344,1596,7056,504,31500
7,3,1,3,1596,7056,504,22344,31500
2,7,3,5,7056,504,22344,1596,31500
2,7,3,6,7056,504,1596,22344,31500
1,6,2,5,1596,22344,7056,504,31500
2,5,0,4,22344,504,1596,7056,31500
2,7,5,5,504,7056,22344,1596,31500
2,7,5,6,504,7056,1596,22344,31500
2,5,0,2,7056,504,1596,22344,31500
2,7,6,0,7056,504,22344,1596,31500
2,7,6,3,504,7056,22344,1596,31500
6,0,4,4,22344,1596,7056,504,31500
6,2,2,5,22344,1596,7056,504,31500
1,6,1,5,504,22344,7056,1596,31500
1,7,5,0,504,1596,7056,22344,31500
6,2,2,6,22344,1596,504,7056,31500
6,0,4,1,7056,1596,22344,504,31500
1,6,1,0,504,1596,7056,22344,31500
1,6,0,4,1596,22344,504,7056,31500
7,0,1,6,22344,7056,504,1596,31500
1,6,0,1,504,22344,1596,7056,31500
1,5,7,5,7056,1596,22344,504,31500
1,5,7,3,504,1596,22344,7056,31500
0,0,1,7,504,22344,7056,1596,31500
1,3,5,1,504,22344,1596,7056,31500
1,3,3,2,7056,1596,504,22344,31500
4,1,5,0,1596,504,7056,22344,31500
7,2,0,3,1596,22344,504,7056,31500
4,1,6,0,22344,504,7056,1596,31500
6,2,7,5,7056,1596,22344,504,31500
4,1,6,6,22344,7056,504,1596,31500
7,6,3,2,1596,504,7056,22344,31500
6,1,5,1,1596,504,22344,7056,31500
7,6,3,1,1596,504,22344,7056,31500
7,7,3,5,22344,504,7056,1596,31500
4,2,0,0,7056,1596,504,22344,31500
2,2,0,5,7056,22344,1596,504,31500
6,1,5,2,1596,504,7056,22344,31500
4,2,0,5,7056,22344,504,1596,31500
2,2,0,3,504,22344,1596,7056,31500
2,0,5,4,1596,7056,22344,504,31500
7,4,5,5,1596,7056,22344,504,31500
2,1,6,6,22344,7056,1596,504,31500
4,2,3,3,504,1596,7056,22344,31500
2,1,6,3,1596,7056,22344,504,31500
5,6,4,4,1596,22344,504,7056,31500
4,2,3,6,7056,1596,504,22344,31500
6,2,0,4,22344,1596,504,7056,31500
4,1,5,6,1596,7056,504,22344,31500
6,2,7,3,504,1596,22344,7056,31500
2,1,5,5,1596,7056,22344,504,31500
1,1,3,5,22344,1596,7056,504,31500
4,0,5,1,504,7056,22344,1596,31500
4,0,5,7,504,22344,7056,1596,31500
4,0,7,0,7056,504,22344,1596,31500
0,1,3,1,1596,504,22344,7056,31500
4,0,7,3,504,7056,22344,1596,31500
1,3,2,3,1596,22344,504,7056,31500
5,6,7,2,504,7056,1596,22344,31500
2,0,4,6,7056,22344,1596,504,31500
4,1,0,3,1596,7056,504,22344,31500
4,1,0,5,22344,7056,504,1596,31500
2,2,3,5,7056,1596,22344,504,31500
2,2,3,3,504,1596,22344,7056,31500
2,0,5,2,504,7056,22344,1596,31500
7,2,0,0,22344,1596,504,7056,31500
7,4,5,0,1596,504,22344,7056,31500
6,1,4,5,22344,1596,7056,504,31500
4,1,3,3,1596,504,7056,22344,31500
4,1,3,5,22344,504,7056,1596,31500
6,1,4,6,22344,1596,504,7056,31500
0,1,3,2,1596,504,7056,22344,31500
1,1,3,6,22344,1596,504,7056,31500
0,0,1,1,504,7056,22344,1596,31500
4,2,5,0,504,1596,7056,22344,31500
4,0,4,3,504,22344,7056,1596,31500
4,3,3,7,7056,1596,504,22344,31500
1,0,5,4,1596,22344,7056,504,31500
2,1,3,3,1596,504,22344,7056,31500
4,3,4,5,7056,22344,504,1596,31500
1,0,5,2,504,22344,7056,1596,31500
4,3,5,1,504,7056,1596,22344,31500
7,4,6,3,1596,7056,22344,504,31500
4,3,5,4,1596,7056,504,22344,31500
7,4,6,6,22344,7056,1596,504,31500
1,0,3,4,22344,1596,7056,504,31500
2,1,0,0,22344,504,1596,7056,31500
4,3,6,4,22344,7056,504,1596,31500
4,3,6,7,7056,22344,504,1596,31500
4,3,7,0,7056,504,1596,22344,31500
6,1,7,3,1596,504,22344,7056,31500
4,3,7,3,504,7056,1596,22344,31500
4,4,0,0,7056,504,1596,22344,31500
1,0,3,1,7056,1596,22344,504,31500
4,4,0,3,504,7056,1596,22344,31500
5,6,2,2,1596,7056,504,22344,31500
6,1,7,6,22344,504,1596,7056,31500
2,1,0,5,22344,7056,1596,504,31500
4,3,4,0,7056,1596,504,22344,31500
1,0,7,0,7056,1596,22344,504,31500
6,1,6,2,22344,504,7056,1596,31500
5,6,2,7,1596,22344,504,7056,31500
6,2,0,2,7056,1596,504,22344,31500
4,2,5,5,504,22344,7056,1596,31500
5,6,4,1,504,22344,1596,7056,31500
4,2,6,3,504,22344,7056,1596,31500
7,6,1,6,1596,7056,504,22344,31500
4,2,6,6,7056,22344,504,1596,31500
2,1,5,0,1596,504,22344,7056,31500
7,7,3,3,1596,504,7056,22344,31500
0,1,4,5,1596,22344,7056,504,31500
7,7,5,6,1596,7056,504,22344,31500
0,1,4,6,1596,22344,504,7056,31500
1,1,0,3,1596,22344,504,7056,31500
7,6,7,5,1596,7056,22344,504,31500
1,1,0,0,22344,1596,504,7056,31500
1,0,7,6,7056,22344,1596,504,31500
4,3,2,3,1596,7056,504,22344,31500
4,3,2,5,22344,7056,504,1596,31500
6,1,6,7,22344,1596,7056,504,31500
2,1,3,6,22344,504,1596,7056,31500
7,2,3,6,22344,1596,504,7056,31500
4,3,3,1,7056,504,1596,22344,31500
4,0,4,6,7056,22344,504,1596,31500
5,6,7,7,504,22344,1596,7056,31500
7,7,0,3,1596,7056,504,22344,31500
2,3,1,3,504,7056,1596,22344,31500
7,7,6,6,22344,7056,504,1596,31500
2,3,2,5,22344,7056,1596,504,31500
3,6,1,7,504,22344,7056,1596,31500
0,1,1,0,1596,504,7056,22344,31500
3,6,2,1,1596,7056,22344,504,31500
6,7,0,1,7056,504,1596,22344,31500
6,6,7,7,504,1596,22344,7056,31500
3,6,2,7,1596,22344,7056,504,31500
2,3,2,0,22344,504,1596,7056,31500
6,6,7,4,1596,504,22344,7056,31500
3,6,4,2,504,22344,7056,1596,31500
3,7,0,7,7056,22344,504,1596,31500
3,6,4,4,1596,22344,7056,504,31500
2,3,1,0,7056,504,1596,22344,31500
2,0,3,2,7056,504,22344,1596,31500
7,4,3,3,1596,504,22344,7056,31500
3,6,7,2,504,7056,22344,1596,31500
3,6,7,4,1596,7056,22344,504,31500
7,4,3,6,22344,504,1596,7056,31500
2,0,3,7,7056,1596,22344,504,31500
2,2,6,6,7056,22344,1596,504,31500
5,7,3,7,7056,1596,504,22344,31500
5,7,4,5,7056,22344,504,1596,31500
3,6,1,1,504,7056,22344,1596,31500
0,1,0,7,1596,22344,504,7056,31500
6,7,0,7,7056,1596,504,22344,31500
3,5,1,1,7056,504,22344,1596,31500
2,3,4,3,504,22344,1596,7056,31500
3,5,1,4,22344,504,7056,1596,31500
6,7,2,5,22344,504,7056,1596,31500
1,3,2,0,22344,1596,504,7056,31500
3,5,2,2,22344,504,7056,1596,31500
1,3,1,5,7056,22344,504,1596,31500
7,6,7,0,1596,504,22344,7056,31500
3,5,2,7,22344,1596,7056,504,31500
5,7,5,1,504,7056,1596,22344,31500
1,3,1,0,7056,1596,504,22344,31500
3,5,4,1,7056,1596,22344,504,31500
6,7,2,3,1596,504,7056,22344,31500
3,5,4,4,22344,1596,7056,504,31500
2,0,2,3,1596,7056,22344,504,31500
2,0,2,6,22344,7056,1596,504,31500
7,4,0,5,22344,7056,1596,504,31500
2,3,3,4,22344,504,1596,7056,31500
3,5,7,2,7056,504,22344,1596,31500
2,3,3,2,7056,504,1596,22344,31500
3,5,7,7,7056,1596,22344,504,31500
3,7,0,4,22344,7056,504,1596,31500
5,7,4,0,7056,1596,504,22344,31500
6,2,6,4,22344,1596,7056,504,31500
6,6,2,2,1596,504,7056,22344,31500
6,6,4,1,504,1596,22344,7056,31500
3,7,5,7,504,22344,7056,1596,31500
3,7,7,0,7056,504,22344,1596,31500
3,7,2,0,22344,504,7056,1596,31500
3,7,7,3,504,7056,22344,1596,31500
2,2,5,6,504,22344,1596,7056,31500
1,1,6,3,1596,22344,7056,504,31500
7,6,4,5,1596,22344,7056,504,31500
4,0,0,4,22344,7056,504,1596,31500
4,0,0,7,7056,22344,504,1596,31500
6,6,2,1,1596,504,22344,7056,31500
3,7,5,1,504,7056,22344,1596,31500
4,0,2,0,22344,504,7056,1596,31500
6,6,1,7,504,1596,7056,22344,31500
1,1,6,0,22344,1596,7056,504,31500
4,0,2,6,22344,7056,504,1596,31500
4,0,3,1,7056,504,22344,1596,31500
2,2,5,0,504,1596,22344,7056,31500
6,6,1,4,1596,504,7056,22344,31500
4,0,3,4,22344,504,7056,1596,31500
1,1,5,6,1596,22344,504,7056,31500
1,1,5,5,1596,22344,7056,504,31500
6,6,4,2,504,1596,7056,22344,31500
7,6,6,1,1596,7056,22344,504,31500
2,2,6,0,7056,1596,22344,504,31500
5,7,3,1,7056,504,1596,22344,31500
0,1,1,6,1596,7056,504,22344,31500
3,7,3,1,7056,504,22344,1596,31500
7,6,4,6,1596,22344,504,7056,31500
3,7,2,6,22344,7056,504,1596,31500
3,7,3,4,22344,504,7056,1596,31500
5,7,2,3,1596,7056,504,22344,31500
5,7,2,5,22344,7056,504,1596,31500
3,7,4,3,504,22344,7056,1596,31500
3,7,4,6,7056,22344,504,1596,31500
2,0,4,0,7056,1596,22344,504,31500
6,1,1,1,9576,216,9576,9576,28944
1,7,2,6,9576,9576,216,9576,28944
2,2,5,2,216,9576,9576,9576,28944
2,1,1,0,9576,216,9576,9576,28944
2,5,1,4,9576,216,9576,9576,28944
2,0,4,4,9576,9576,9576,216,28944
2,1,6,7,9576,9576,9576,216,28944
1,7,7,3,216,9576,9576,9576,28944
6,1,7,2,9576,216,9576,9576,28944
7,5,7,2,9576,216,9576,9576,28944
1,7,5,1,216,9576,9576,9576,28944
2,2,2,5,9576,9576,9576,216,28944
7,0,7,7,9576,9576,9576,216,28944
7,2,6,1,9576,9576,9576,216,28944
0,2,1,1,216,9576,9576,9576,28944
2,5,2,2,9576,216,9576,9576,28944
2,1,3,2,9576,216,9576,9576,28944
0,2,7,2,216,9576,9576,9576,28944
7,7,0,7,9576,9576,216,9576,28944
2,0,2,7,9576,9576,9576,216,28944
7,2,0,2,9576,9576,216,9576,28944
7,2,1,6,9576,9576,216,9576,28944
2,1,4,5,9576,9576,9576,216,28944
2,2,6,4,9576,9576,9576,216,28944
2,2,1,3,216,9576,9576,9576,28944
1,0,2,1,9576,9576,9576,216,28944
6,4,2,2,9576,216,9576,9576,28944
6,7,2,1,9576,216,9576,9576,28944
1,3,2,2,9576,9576,216,9576,28944
4,2,7,3,216,9576,9576,9576,28944
3,4,4,4,9576,9576,9576,216,28944
7,4,4,5,9576,9576,9576,216,28944
3,4,2,7,9576,9576,9576,216,28944
4,1,3,1,9576,216,9576,9576,28944
1,4,1,3,216,9576,9576,9576,28944
0,7,4,1,216,9576,9576,9576,28944
7,7,4,6,9576,9576,216,9576,28944
4,1,4,6,9576,9576,216,9576,28944
1,4,2,5,9576,9576,9576,216,28944
3,2,7,4,9576,9576,9576,216,28944
4,2,5,1,216,9576,9576,9576,28944
1,1,0,2,9576,9576,216,9576,28944
1,4,5,2,216,9576,9576,9576,28944
1,3,1,4,9576,9576,216,9576,28944
7,7,7,0,9576,216,9576,9576,28944
4,1,7,0,9576,216,9576,9576,28944
7,4,1,0,9576,216,9576,9576,28944
1,0,7,4,9576,9576,9576,216,28944
1,1,6,1,9576,9576,9576,216,28944
4,3,2,7,9576,9576,216,9576,28944
4,6,4,1,216,9576,9576,9576,28944
4,3,4,4,9576,9576,216,9576,28944
4,4,5,7,216,9576,9576,9576,28944
5,7,2,7,9576,9576,216,9576,28944
1,1,7,5,9576,9576,9576,216,28944
7,4,6,7,9576,9576,9576,216,28944
7,4,3,2,9576,216,9576,9576,28944
4,1,0,7,9576,9576,216,9576,28944
4,6,7,7,216,9576,9576,9576,28944
0,7,7,7,216,9576,9576,9576,28944
5,7,4,4,9576,9576,216,9576,28944
7,5,1,1,9576,216,9576,9576,28944
6,7,7,4,9576,216,9576,9576,28944
4,5,7,4,9576,216,9576,9576,28944
3,2,2,1,9576,9576,9576,216,28944
4,4,3,4,9576,216,9576,9576,28944
7,0,4,1,9576,9576,9576,216,28944
4,5,2,1,9576,216,9576,9576,28944
1,6,7,2,216,9576,9576,9576,28944
5,2,1,4,9576,9576,216,9576,28944
2,7,2,0,9576,216,9576,9576,28944
2,6,4,2,216,9576,9576,9576,28944
2,7,3,4,9576,216,9576,9576,28944
4,2,2,6,9576,9576,216,9576,28944
2,7,4,3,216,9576,9576,9576,28944
1,4,6,4,9576,9576,9576,216,28944
1,7,0,4,9576,9576,216,9576,28944
2,7,5,7,216,9576,9576,9576,28944
4,2,0,4,9576,9576,216,9576,28944
1,6,1,1,216,9576,9576,9576,28944
7,3,1,7,9576,9576,216,9576,28944
5,1,4,2,9576,9576,216,9576,28944
2,6,1,7,216,9576,9576,9576,28944
0,4,1,7,216,9576,9576,9576,28944
6,4,1,4,9576,216,9576,9576,28944
3,1,4,1,9576,9576,9576,216,28944
7,3,4,2,9576,9576,216,9576,28944
5,1,1,7,9576,9576,216,9576,28944
4,4,4,3,216,9576,9576,9576,28944
1,1,1,6,9576,9576,216,9576,28944
7,2,7,5,9576,9576,9576,216,28944
3,1,7,7,9576,9576,9576,216,28944
4,4,2,0,9576,216,9576,9576,28944
7,7,3,1,9576,216,9576,9576,28944
0,4,4,2,216,9576,9576,9576,28944
5,2,2,2,9576,9576,216,9576,28944
4,2,1,7,1296,12996,1296,12996,28584
2,2,4,1,1296,12996,12996,1296,28584
7,4,7,4,12996,1296,12996,1296,28584
7,1,7,1,12996,1296,12996,1296,28584
2,1,7,4,12996,1296,12996,1296,28584
4,1,1,4,12996,1296,1296,12996,28584
1,1,4,4,12996,12996,1296,1296,28584
4,1,2,2,12996,1296,1296,12996,28584
1,1,2,7,12996,12996,1296,1296,28584
7,7,1,4,12996,1296,1296,12996,28584
1,2,1,2,1296,12996,1296,12996,28584
4,7,4,7,1296,12996,1296,12996,28584
4,4,7,2,1296,1296,12996,12996,28584
7,2,4,4,12996,12996,1296,1296,28584
1,7,4,2,1296,12996,1296,12996,28584
2,7,1,1,1296,1296,12996,12996,28584
4,4,1,1,1296,1296,12996,12996,28584
2,7,7,2,1296,1296,12996,12996,28584
2,4,4,7,1296,12996,12996,1296,28584
1,4,7,7,1296,12996,12996,1296,28584
2,4,2,4,12996,1296,12996,1296,28584
2,4,1,2,1296,1296,12996,12996,28584
1,4,4,1,1296,12996,12996,1296,28584
7,1,1,2,12996,1296,1296,12996,28584
2,1,2,1,12996,1296,12996,1296,28584
4,2,4,2,1296,12996,1296,12996,28584
7,2,2,7,12996,12996,1296,1296,28584
4,7,7,1,1296,1296,12996,12996,28584
7,7,2,2,12996,1296,1296,12996,28584
4,7,2,4,12996,1296,1296,12996,28584
1,2,7,1,1296,12996,12996,1296,28584
7,4,2,1,12996,1296,12996,1296,28584
7,1,4,7,12996,12996,1296,1296,28584
1,2,2,4,12996,12996,1296,1296,28584
1,7,1,7,1296,12996,1296,12996,28584
2,2,7,7,1296,12996,12996,1296,28584
0,2,2,2,684,9576,3024,9576,22860
7,6,7,7,684,9576,9576,3024,22860
0,1,4,2,684,9576,3024,9576,22860
6,2,1,4,9576,684,3024,9576,22860
0,1,4,1,684,9576,9576,3024,22860
7,6,1,1,684,3024,9576,9576,22860
7,7,7,6,9576,3024,684,9576,22860
0,1,7,7,684,9576,9576,3024,22860
6,2,2,1,9576,684,9576,3024,22860
6,2,2,2,9576,684,3024,9576,22860
0,1,7,2,684,3024,9576,9576,22860
6,1,1,7,9576,684,3024,9576,22860
5,7,7,7,3024,9576,684,9576,22860
5,7,7,4,9576,3024,684,9576,22860
5,7,4,1,3024,9576,684,9576,22860
5,7,2,1,9576,3024,684,9576,22860
7,6,7,2,684,3024,9576,9576,22860
0,1,1,7,684,9576,3024,9576,22860
7,6,4,2,684,9576,3024,9576,22860
7,6,4,1,684,9576,9576,3024,22860
7,7,7,5,9576,3024,9576,684,22860
0,2,1,4,684,9576,3024,9576,22860
6,1,4,1,9576,684,9576,3024,22860
6,1,4,2,9576,684,3024,9576,22860
6,2,1,1,3024,684,9576,9576,22860
6,2,7,2,3024,684,9576,9576,22860
6,2,7,4,9576,684,9576,3024,22860
0,2,2,1,684,9576,9576,3024,22860
7,6,1,7,684,9576,3024,9576,22860
0,1,1,1,684,3024,9576,9576,22860
4,1,4,0,9576,684,3024,9576,22860
7,4,1,6,9576,3024,684,9576,22860
3,7,2,7,9576,9576,3024,684,22860
1,5,2,2,9576,684,3024,9576,22860
3,1,1,1,9576,3024,9576,684,22860
7,0,1,1,9576,3024,9576,684,22860
3,1,1,7,9576,9576,3024,684,22860
1,5,2,1,9576,684,9576,3024,22860
1,5,1,4,9576,684,3024,9576,22860
1,5,1,1,3024,684,9576,9576,22860
3,1,4,2,9576,9576,3024,684,22860
7,3,4,1,9576,9576,684,3024,22860
3,1,7,2,9576,3024,9576,684,22860
3,2,1,1,3024,9576,9576,684,22860
1,4,6,2,3024,9576,9576,684,22860
3,2,1,4,9576,9576,3024,684,22860
3,2,2,2,9576,9576,3024,684,22860
6,7,7,7,3024,684,9576,9576,22860
1,5,7,2,3024,684,9576,9576,22860
1,5,7,4,9576,684,9576,3024,22860
7,3,1,1,9576,3024,684,9576,22860
2,7,4,5,3024,9576,9576,684,22860
2,7,0,7,3024,9576,684,9576,22860
2,7,2,3,684,3024,9576,9576,22860
2,7,2,5,9576,3024,9576,684,22860
2,7,2,6,9576,3024,684,9576,22860
2,7,3,7,3024,684,9576,9576,22860
2,7,4,0,3024,684,9576,9576,22860
2,7,4,6,3024,9576,684,9576,22860
7,0,1,7,9576,9576,3024,684,22860
1,6,2,2,684,9576,3024,9576,22860
1,6,2,1,684,9576,9576,3024,22860
2,7,5,4,684,3024,9576,9576,22860
2,7,6,4,9576,3024,9576,684,22860
2,7,6,7,3024,9576,9576,684,22860
1,6,1,4,684,9576,3024,9576,22860
1,4,5,4,684,9576,9576,3024,22860
3,2,7,2,3024,9576,9576,684,22860
1,4,3,4,9576,684,9576,3024,22860
7,4,0,7,9576,9576,684,3024,22860
7,3,7,7,9576,9576,684,3024,22860
7,4,0,2,9576,3024,684,9576,22860
6,7,2,7,9576,684,3024,9576,22860
1,3,2,1,9576,9576,684,3024,22860
1,3,1,1,3024,9576,684,9576,22860
7,7,4,3,684,9576,3024,9576,22860
7,4,1,3,684,3024,9576,9576,22860
7,3,7,2,9576,3024,684,9576,22860
7,4,1,5,9576,3024,9576,684,22860
1,1,7,6,9576,9576,684,3024,22860
7,4,3,7,9576,684,9576,3024,22860
7,7,4,0,9576,684,3024,9576,22860
1,1,7,3,684,9576,9576,3024,22860
3,7,2,1,9576,3024,9576,684,22860
3,4,4,2,3024,9576,9576,684,22860
1,3,7,2,3024,9576,684,9576,22860
1,4,3,2,3024,684,9576,9576,22860
1,4,1,0,3024,684,9576,9576,22860
1,4,2,6,9576,9576,684,3024,22860
1,4,2,3,684,9576,9576,3024,22860
1,4,2,0,9576,684,9576,3024,22860
1,4,1,6,3024,9576,684,9576,22860
1,4,1,5,3024,9576,9576,684,22860
7,7,4,5,9576,9576,3024,684,22860
1,4,0,4,9576,9576,684,3024,22860
1,3,7,4,9576,9576,684,3024,22860
1,4,0,2,3024,9576,684,9576,22860
6,7,4,4,9576,684,3024,9576,22860
6,7,4,1,3024,684,9576,9576,22860
3,4,1,4,9576,3024,9576,684,22860
3,4,1,7,3024,9576,9576,684,22860
3,4,2,2,9576,3024,9576,684,22860
2,7,0,4,9576,3024,684,9576,22860
7,0,4,2,9576,9576,3024,684,22860
1,6,7,4,684,9576,9576,3024,22860
2,2,2,3,684,9576,9576,3024,22860
2,2,0,4,9576,9576,684,3024,22860
2,2,1,0,3024,684,9576,9576,22860
2,2,1,5,3024,9576,9576,684,22860
2,2,1,6,3024,9576,684,9576,22860
7,2,0,1,9576,9576,684,3024,22860
2,2,2,0,9576,684,9576,3024,22860
2,2,2,6,9576,9576,684,3024,22860
7,2,1,0,9576,684,3024,9576,22860
2,2,3,2,3024,684,9576,9576,22860
2,2,3,4,9576,684,9576,3024,22860
2,2,5,4,684,9576,9576,3024,22860
2,0,4,2,3024,9576,9576,684,22860
2,2,6,2,3024,9576,9576,684,22860
2,3,1,4,9576,3024,684,9576,22860
2,2,0,2,3024,9576,684,9576,22860
2,1,6,2,9576,3024,9576,684,22860
2,3,2,2,9576,3024,684,9576,22860
7,7,5,7,684,9576,3024,9576,22860
2,1,0,7,9576,9576,684,3024,22860
7,2,3,2,9576,684,3024,9576,22860
7,2,3,1,9576,684,9576,3024,22860
2,1,1,3,684,3024,9576,9576,22860
2,1,1,5,9576,3024,9576,684,22860
2,1,1,6,9576,3024,684,9576,22860
2,1,3,7,9576,684,9576,3024,22860
2,1,5,7,684,9576,9576,3024,22860
2,1,4,0,9576,684,9576,3024,22860
2,1,4,3,684,9576,9576,3024,22860
2,1,4,6,9576,9576,684,3024,22860
2,1,5,2,684,3024,9576,9576,22860
7,2,1,5,9576,9576,3024,684,22860
7,2,1,3,684,9576,3024,9576,22860
2,3,1,7,3024,9576,684,9576,22860
2,3,2,7,9576,9576,684,3024,22860
2,6,4,4,684,9576,9576,3024,22860
7,7,6,1,9576,3024,9576,684,22860
2,5,4,2,3024,684,9576,9576,22860
2,5,4,4,9576,684,9576,3024,22860
1,7,3,1,3024,684,9576,9576,22860
1,7,2,5,9576,9576,3024,684,22860
7,2,7,0,9576,684,9576,3024,22860
1,7,2,3,684,9576,3024,9576,22860
1,7,2,0,9576,684,3024,9576,22860
2,5,2,7,9576,684,9576,3024,22860
7,2,7,3,684,9576,9576,3024,22860
7,2,7,6,9576,9576,684,3024,22860
2,6,1,4,684,3024,9576,9576,22860
2,6,2,2,684,3024,9576,9576,22860
2,6,2,7,684,9576,9576,3024,22860
1,7,0,1,3024,9576,684,9576,22860
1,7,3,4,9576,684,3024,9576,22860
2,5,1,7,3024,684,9576,9576,22860
2,3,4,2,3024,9576,684,9576,22860
1,7,7,6,3024,9576,684,9576,22860
2,3,4,4,9576,9576,684,3024,22860
2,0,2,2,9576,3024,9576,684,22860
2,0,1,7,3024,9576,9576,684,22860
2,0,1,4,9576,3024,9576,684,22860
7,2,5,1,684,9576,9576,3024,22860
7,2,5,2,684,9576,3024,9576,22860
7,0,7,2,9576,3024,9576,684,22860
7,2,6,2,9576,9576,3024,684,22860
1,7,7,5,3024,9576,9576,684,22860
1,7,7,0,3024,684,9576,9576,22860
1,7,6,4,9576,9576,3024,684,22860
1,7,6,1,3024,9576,9576,684,22860
1,7,5,4,684,9576,3024,9576,22860
7,7,5,1,684,3024,9576,9576,22860
7,7,6,7,9576,9576,3024,684,22860
6,1,7,7,9576,684,9576,3024,22860
7,4,4,0,9576,684,9576,3024,22860
4,4,6,4,9576,3024,9576,684,22860
4,4,3,7,3024,684,9576,9576,22860
4,4,4,0,3024,684,9576,9576,22860
4,4,4,5,3024,9576,9576,684,22860
4,4,4,6,3024,9576,684,9576,22860
1,0,1,4,9576,9576,3024,684,22860
4,4,5,4,684,3024,9576,9576,22860
1,0,1,1,3024,9576,9576,684,22860
4,4,2,5,9576,3024,9576,684,22860
4,4,6,7,3024,9576,9576,684,22860
0,7,7,4,684,3024,9576,9576,22860
4,5,2,7,9576,684,3024,9576,22860
4,5,4,1,3024,684,9576,9576,22860
4,5,4,4,9576,684,3024,9576,22860
0,7,4,4,684,9576,3024,9576,22860
4,4,2,6,9576,3024,684,9576,22860
4,4,2,3,684,3024,9576,9576,22860
4,2,6,1,3024,9576,9576,684,22860
1,1,0,1,9576,9576,684,3024,22860
4,2,7,0,3024,684,9576,9576,22860
4,2,7,5,3024,9576,9576,684,22860
4,2,7,6,3024,9576,684,9576,22860
1,1,1,3,684,9576,3024,9576,22860
7,4,6,2,9576,3024,9576,684,22860
1,1,1,0,9576,684,3024,9576,22860
4,3,2,1,9576,3024,684,9576,22860
1,0,2,2,9576,9576,3024,684,22860
1,0,7,2,3024,9576,9576,684,22860
4,3,4,1,3024,9576,684,9576,22860
4,3,7,4,9576,3024,684,9576,22860
1,1,7,0,9576,684,9576,3024,22860
4,4,0,4,9576,3024,684,9576,22860
4,4,0,7,3024,9576,684,9576,22860
4,5,7,7,3024,684,9576,9576,22860
0,7,2,7,684,9576,3024,9576,22860
0,7,2,1,684,3024,9576,9576,22860
0,2,7,4,684,9576,9576,3024,22860
5,1,7,7,9576,9576,684,3024,22860
5,2,1,1,3024,9576,684,9576,22860
5,2,2,1,9576,9576,684,3024,22860
7,7,7,3,684,3024,9576,9576,22860
5,2,7,2,3024,9576,684,9576,22860
5,2,7,4,9576,9576,684,3024,22860
5,4,1,4,9576,3024,684,9576,22860
4,6,2,1,684,3024,9576,9576,22860
7,5,7,7,9576,684,9576,3024,22860
5,4,1,7,3024,9576,684,9576,22860
5,4,2,2,9576,3024,684,9576,22860
5,4,2,7,9576,9576,684,3024,22860
5,4,4,2,3024,9576,684,9576,22860
5,4,4,4,9576,9576,684,3024,22860
5,1,7,2,9576,3024,684,9576,22860
7,5,4,2,9576,684,3024,9576,22860
7,5,4,1,9576,684,9576,3024,22860
0,4,1,4,684,3024,9576,9576,22860
5,1,4,1,9576,9576,684,3024,22860
0,4,2,2,684,3024,9576,9576,22860
5,1,1,1,9576,3024,684,9576,22860
0,4,2,7,684,9576,9576,3024,22860
6,4,1,7,3024,684,9576,9576,22860
0,4,4,4,684,9576,9576,3024,22860
6,4,2,7,9576,684,9576,3024,22860
6,4,4,2,3024,684,9576,9576,22860
6,4,4,4,9576,684,9576,3024,22860
7,5,1,7,9576,684,3024,9576,22860
4,6,7,4,684,3024,9576,9576,22860
4,6,4,4,684,9576,3024,9576,22860
4,6,2,7,684,9576,3024,9576,22860
4,2,6,4,9576,9576,3024,684,22860
4,3,7,7,3024,9576,684,9576,22860
4,2,5,4,684,9576,3024,9576,22860
7,4,5,2,684,3024,9576,9576,22860
4,1,4,3,684,9576,3024,9576,22860
2,1,0,2,9576,3024,684,9576,22860
3,7,4,1,3024,9576,9576,684,22860
4,1,3,7,9576,684,3024,9576,22860
7,4,4,6,9576,9576,684,3024,22860
4,1,0,1,9576,3024,684,9576,22860
7,4,4,3,684,9576,9576,3024,22860
4,0,7,7,3024,9576,9576,684,22860
4,0,7,4,9576,3024,9576,684,22860
1,1,5,1,684,9576,9576,3024,22860
3,7,4,4,9576,9576,3024,684,22860
1,1,5,2,684,9576,3024,9576,22860
3,7,7,4,9576,3024,9576,684,22860
4,0,4,4,9576,9576,3024,684,22860
4,0,4,1,3024,9576,9576,684,22860
4,0,2,7,9576,9576,3024,684,22860
4,0,2,1,9576,3024,9576,684,22860
3,7,7,7,3024,9576,9576,684,22860
7,7,3,7,9576,684,3024,9576,22860
4,1,4,5,9576,9576,3024,684,22860
1,1,6,2,9576,9576,3024,684,22860
4,1,5,1,684,3024,9576,9576,22860
4,1,6,7,9576,9576,3024,684,22860
1,1,1,5,9576,9576,3024,684,22860
7,4,5,7,684,9576,9576,3024,22860
4,2,3,4,9576,684,3024,9576,22860
4,2,3,1,3024,684,9576,9576,22860
4,2,2,5,9576,9576,3024,684,22860
4,2,2,3,684,9576,3024,9576,22860
4,2,2,0,9576,684,3024,9576,22860
4,2,0,1,3024,9576,684,9576,22860
7,7,0,1,9576,3024,684,9576,22860
4,1,7,5,9576,3024,9576,684,22860
4,1,7,3,684,3024,9576,9576,22860
4,1,7,6,9576,3024,684,9576,22860
1,1,3,1,9576,684,9576,3024,22860
4,1,5,7,684,9576,3024,9576,22860
4,1,6,1,9576,3024,9576,684,22860
1,1,3,2,9576,684,3024,9576,22860
6,6,6,4,3724,1176,16464,1176,22540
6,3,5,4,3724,1176,1176,16464,22540
6,6,4,6,1176,3724,1176,16464,22540
6,3,5,7,1176,3724,1176,16464,22540
6,7,0,5,16464,1176,1176,3724,22540
6,4,0,3,1176,1176,3724,16464,22540
6,3,7,5,16464,1176,3724,1176,22540
6,3,6,1,16464,1176,3724,1176,22540
7,5,5,5,3724,1176,16464,1176,22540
7,5,5,6,3724,1176,1176,16464,22540
6,3,7,3,1176,1176,3724,16464,22540
6,3,4,3,1176,3724,1176,16464,22540
6,6,7,6,1176,1176,3724,16464,22540
6,2,0,5,16464,3724,1176,1176,22540
7,5,6,3,3724,1176,16464,1176,22540
6,2,0,3,1176,3724,1176,16464,22540
6,6,2,6,3724,1176,1176,16464,22540
6,3,5,1,1176,1176,3724,16464,22540
6,3,4,5,16464,3724,1176,1176,22540
6,6,6,2,1176,1176,16464,3724,22540
6,3,6,7,16464,3724,1176,1176,22540
6,6,4,5,1176,3724,16464,1176,22540
6,6,6,7,1176,3724,16464,1176,22540
6,3,6,2,16464,1176,1176,3724,22540
6,4,5,6,1176,1176,3724,16464,22540
7,6,0,5,3724,16464,1176,1176,22540
6,6,0,1,1176,1176,3724,16464,22540
7,0,0,3,3724,16464,1176,1176,22540
7,0,3,3,3724,1176,16464,1176,22540
7,3,5,0,3724,1176,1176,16464,22540
7,3,5,5,3724,16464,1176,1176,22540
6,7,6,6,16464,1176,1176,3724,22540
7,0,5,0,3724,1176,16464,1176,22540
6,7,6,3,1176,1176,16464,3724,22540
7,6,6,0,3724,1176,16464,1176,22540
7,3,6,3,3724,16464,1176,1176,22540
7,0,5,6,3724,16464,1176,1176,22540
7,5,0,3,3724,1176,1176,16464,22540
6,7,5,5,1176,1176,16464,3724,22540
6,2,6,6,16464,3724,1176,1176,22540
6,3,1,5,16464,1176,1176,3724,22540
6,4,0,5,16464,1176,3724,1176,22540
6,4,6,6,16464,1176,3724,1176,22540
6,6,0,4,3724,1176,1176,16464,22540
7,3,3,3,3724,1176,1176,16464,22540
6,6,0,7,1176,3724,1176,16464,22540
7,6,3,5,3724,1176,16464,1176,22540
6,2,5,5,1176,3724,16464,1176,22540
6,2,5,6,1176,3724,1176,16464,22540
7,6,6,6,3724,16464,1176,1176,22540
7,6,3,6,3724,1176,1176,16464,22540
6,6,1,5,1176,1176,16464,3724,22540
6,3,2,3,3724,1176,1176,16464,22540
6,2,6,3,1176,3724,16464,1176,22540
6,6,2,5,3724,1176,16464,1176,22540
7,6,0,0,3724,1176,1176,16464,22540
4,0,0,0,16464,1176,1176,3724,22540
0,7,0,5,1176,16464,1176,3724,22540
4,0,3,6,16464,1176,1176,3724,22540
0,4,0,0,1176,1176,3724,16464,22540
2,0,5,6,1176,16464,3724,1176,22540
2,0,3,6,16464,1176,3724,1176,22540
2,0,0,3,1176,16464,3724,1176,22540
2,0,0,0,16464,1176,3724,1176,22540
4,0,3,3,1176,1176,16464,3724,22540
4,0,5,0,1176,1176,16464,3724,22540
4,0,0,3,1176,16464,1176,3724,22540
0,4,0,5,1176,16464,3724,1176,22540
4,0,5,6,1176,16464,1176,3724,22540
1,6,6,0,1176,3724,16464,1176,22540
0,1,3,6,3724,1176,1176,16464,22540
4,3,3,5,16464,1176,1176,3724,22540
4,3,5,5,1176,16464,1176,3724,22540
0,3,7,5,1176,16464,3724,1176,22540
0,0,0,1,1176,16464,3724,1176,22540
3,6,1,0,1176,1176,16464,3724,22540
3,6,4,0,1176,3724,16464,1176,22540
3,6,2,0,3724,1176,16464,1176,22540
3,6,2,6,3724,16464,1176,1176,22540
3,6,3,2,1176,1176,16464,3724,22540
3,6,3,4,3724,1176,16464,1176,22540
0,1,6,6,3724,16464,1176,1176,22540
3,6,3,7,1176,3724,16464,1176,22540
3,6,7,6,1176,16464,3724,1176,22540
3,7,5,6,1176,16464,1176,3724,22540
3,7,0,0,16464,1176,1176,3724,22540
3,7,0,3,1176,16464,1176,3724,22540
3,7,3,3,1176,1176,16464,3724,22540
3,7,3,6,16464,1176,1176,3724,22540
0,1,6,0,3724,1176,16464,1176,22540
3,7,5,0,1176,1176,16464,3724,22540
4,3,6,0,16464,1176,1176,3724,22540
0,1,3,5,3724,1176,16464,1176,22540
1,6,3,5,1176,3724,16464,1176,22540
5,0,1,3,1176,16464,1176,3724,22540
1,5,0,5,16464,3724,1176,1176,22540
1,5,0,3,1176,3724,1176,16464,22540
0,5,0,7,1176,3724,1176,16464,22540
0,5,1,5,1176,1176,16464,3724,22540
5,0,1,0,16464,1176,1176,3724,22540
0,5,2,5,3724,1176,16464,1176,22540
5,0,2,3,3724,16464,1176,1176,22540
4,3,6,3,1176,16464,1176,3724,22540
5,0,3,1,16464,1176,3724,1176,22540
5,0,3,2,16464,1176,1176,3724,22540
5,0,3,7,16464,3724,1176,1176,22540
5,0,4,0,16464,3724,1176,1176,22540
5,0,5,1,1176,16464,3724,1176,22540
5,0,5,2,1176,16464,1176,3724,22540
4,6,6,6,1176,16464,1176,3724,22540
0,5,0,4,3724,1176,1176,16464,22540
4,6,6,0,1176,1176,16464,3724,22540
4,6,3,5,1176,1176,16464,3724,22540
4,6,0,5,1176,16464,1176,3724,22540
4,5,6,6,16464,1176,1176,3724,22540
4,5,6,3,1176,1176,16464,3724,22540
4,5,5,5,1176,1176,16464,3724,22540
0,5,0,1,1176,1176,3724,16464,22540
1,5,5,5,1176,3724,16464,1176,22540
1,5,5,6,1176,3724,1176,16464,22540
4,5,0,5,16464,1176,1176,3724,22540
1,5,6,3,1176,3724,16464,1176,22540
1,5,6,6,16464,3724,1176,1176,22540
0,4,6,6,1176,16464,3724,1176,22540
1,6,0,0,1176,3724,1176,16464,22540
0,4,3,6,1176,1176,3724,16464,22540
3,6,1,6,1176,16464,1176,3724,22540
3,6,0,4,3724,16464,1176,1176,22540
5,0,7,0,16464,1176,3724,1176,22540
0,2,6,0,1176,3724,16464,1176,22540
2,3,5,0,1176,1176,3724,16464,22540
0,3,2,0,3724,1176,1176,16464,22540
0,3,1,5,1176,16464,1176,3724,22540
0,3,6,1,1176,16464,3724,1176,22540
3,1,3,3,3724,1176,16464,1176,22540
3,1,5,0,3724,1176,16464,1176,22540
0,3,6,2,1176,16464,1176,3724,22540
2,3,5,5,1176,16464,3724,1176,22540
3,1,5,6,3724,16464,1176,1176,22540
3,2,0,0,16464,3724,1176,1176,22540
2,3,3,5,16464,1176,3724,1176,22540
2,3,3,3,1176,1176,3724,16464,22540
3,2,3,3,1176,3724,16464,1176,22540
3,2,3,6,16464,3724,1176,1176,22540
3,1,0,3,3724,16464,1176,1176,22540
2,3,6,0,16464,1176,3724,1176,22540
3,6,0,2,1176,16464,1176,3724,22540
2,6,0,0,1176,1176,3724,16464,22540
2,5,0,3,1176,1176,3724,16464,22540
2,5,0,5,16464,1176,3724,1176,22540
0,3,3,7,1176,3724,1176,16464,22540
2,5,5,6,1176,1176,3724,16464,22540
2,5,6,6,16464,1176,3724,1176,22540
0,3,3,4,3724,1176,1176,16464,22540
0,3,3,1,1176,1176,3724,16464,22540
0,3,4,0,1176,3724,1176,16464,22540
2,6,0,5,1176,16464,3724,1176,22540
0,3,2,5,3724,16464,1176,1176,22540
2,6,3,6,1176,1176,3724,16464,22540
2,6,6,6,1176,16464,3724,1176,22540
6,1,6,3,3724,1176,16464,1176,22540
2,3,6,3,1176,16464,3724,1176,22540
3,2,5,0,1176,3724,16464,1176,22540
3,3,1,0,16464,1176,1176,3724,22540
0,2,3,6,1176,3724,1176,16464,22540
3,5,4,3,1176,3724,16464,1176,22540
3,5,0,2,16464,1176,1176,3724,22540
3,5,0,7,16464,3724,1176,1176,22540
3,5,1,3,1176,1176,16464,3724,22540
3,5,1,6,16464,1176,1176,3724,22540
0,2,0,0,1176,3724,1176,16464,22540
3,5,2,3,3724,1176,16464,1176,22540
3,5,4,6,16464,3724,1176,1176,22540
0,2,3,5,1176,3724,16464,1176,22540
0,3,7,0,1176,1176,3724,16464,22540
3,5,5,2,1176,1176,16464,3724,22540
3,5,5,4,3724,1176,16464,1176,22540
3,5,5,7,1176,3724,16464,1176,22540
3,5,7,6,16464,1176,3724,1176,22540
3,6,0,1,1176,16464,3724,1176,22540
3,5,0,1,16464,1176,3724,1176,22540
3,4,5,6,1176,16464,3724,1176,22540
3,4,3,6,16464,1176,3724,1176,22540
3,4,0,3,1176,16464,3724,1176,22540
3,4,0,0,16464,1176,3724,1176,22540
3,3,7,3,1176,16464,3724,1176,22540
3,3,7,0,16464,1176,3724,1176,22540
3,3,5,4,3724,16464,1176,1176,22540
3,3,5,2,1176,16464,1176,3724,22540
3,3,5,1,1176,16464,3724,1176,22540
3,3,4,0,16464,3724,1176,1176,22540
3,3,3,7,16464,3724,1176,1176,22540
3,3,3,2,16464,1176,1176,3724,22540
0,3,6,4,3724,16464,1176,1176,22540
3,3,3,1,16464,1176,3724,1176,22540
3,3,2,3,3724,16464,1176,1176,22540
3,3,1,3,1176,16464,1176,3724,22540
5,0,5,4,3724,16464,1176,1176,22540
1,6,3,6,1176,3724,1176,16464,22540
5,5,4,5,16464,3724,1176,1176,22540
1,0,3,3,1176,3724,16464,1176,22540
5,5,7,5,16464,1176,3724,1176,22540
0,0,7,6,1176,16464,3724,1176,22540
6,0,0,1,16464,1176,3724,1176,22540
5,4,3,5,16464,1176,3724,1176,22540
5,4,3,3,1176,1176,3724,16464,22540
6,0,0,2,16464,1176,1176,3724,22540
0,0,3,4,3724,1176,16464,1176,22540
1,0,5,0,1176,3724,16464,1176,22540
1,0,3,6,16464,3724,1176,1176,22540
5,5,7,3,1176,1176,3724,16464,22540
0,5,6,4,3724,1176,16464,1176,22540
6,0,4,6,16464,3724,1176,1176,22540
5,5,6,7,16464,3724,1176,1176,22540
6,0,0,7,16464,3724,1176,1176,22540
0,1,0,0,3724,1176,1176,16464,22540
5,5,6,2,16464,1176,1176,3724,22540
6,0,1,3,1176,1176,16464,3724,22540
6,0,1,6,16464,1176,1176,3724,22540
5,5,6,1,16464,1176,3724,1176,22540
6,0,2,3,3724,1176,16464,1176,22540
5,6,3,4,3724,1176,1176,16464,22540
0,0,1,0,1176,1176,16464,3724,22540
5,4,5,0,1176,1176,3724,16464,22540
0,0,4,0,1176,3724,16464,1176,22540
5,4,5,5,1176,16464,3724,1176,22540
0,0,1,6,1176,16464,1176,3724,22540
5,6,3,7,1176,3724,1176,16464,22540
5,6,4,0,1176,3724,1176,16464,22540
0,5,4,6,1176,3724,1176,16464,22540
5,6,2,5,3724,16464,1176,1176,22540
5,6,6,1,1176,16464,3724,1176,22540
5,6,6,2,1176,16464,1176,3724,22540
5,6,6,4,3724,16464,1176,1176,22540
5,6,7,0,1176,1176,3724,16464,22540
0,0,2,6,3724,16464,1176,1176,22540
5,6,2,0,3724,1176,1176,16464,22540
5,6,1,5,1176,16464,1176,3724,22540
0,0,3,7,1176,3724,16464,1176,22540
5,6,7,5,1176,16464,3724,1176,22540
5,4,6,0,16464,1176,3724,1176,22540
5,4,6,3,1176,16464,3724,1176,22540
5,7,3,5,16464,1176,1176,3724,22540
5,7,5,5,1176,16464,1176,3724,22540
5,7,6,0,16464,1176,1176,3724,22540
0,0,2,0,3724,1176,16464,1176,22540
0,5,6,2,1176,1176,16464,3724,22540
5,7,6,3,1176,16464,1176,3724,22540
6,0,4,3,1176,3724,16464,1176,22540
1,0,0,0,16464,3724,1176,1176,22540
5,5,5,7,1176,3724,1176,16464,22540
0,0,0,2,1176,16464,1176,3724,22540
0,0,0,4,3724,16464,1176,1176,22540
6,0,7,6,16464,1176,3724,1176,22540
5,2,3,3,1176,3724,1176,16464,22540
0,7,6,0,1176,1176,16464,3724,22540
0,7,3,5,1176,1176,16464,3724,22540
0,5,7,6,1176,1176,3724,16464,22540
0,0,3,2,1176,1176,16464,3724,22540
6,1,5,5,3724,1176,16464,1176,22540
6,1,5,6,3724,1176,1176,16464,22540
1,3,5,0,1176,3724,1176,16464,22540
0,5,6,7,1176,3724,16464,1176,22540
5,1,6,3,3724,16464,1176,1176,22540
1,3,6,0,16464,3724,1176,1176,22540
5,1,5,5,3724,16464,1176,1176,22540
5,5,4,3,1176,3724,1176,16464,22540
0,5,2,6,3724,1176,1176,16464,22540
5,1,5,0,3724,1176,1176,16464,22540
5,1,3,3,3724,1176,1176,16464,22540
5,5,5,1,1176,1176,3724,16464,22540
5,0,7,3,1176,16464,3724,1176,22540
6,0,5,7,1176,3724,16464,1176,22540
6,1,0,3,3724,1176,1176,16464,22540
1,3,3,5,16464,3724,1176,1176,22540
5,5,2,3,3724,1176,1176,16464,22540
0,7,6,6,1176,16464,1176,3724,22540
5,5,5,4,3724,1176,1176,16464,22540
5,5,1,5,16464,1176,1176,3724,22540
5,2,6,0,16464,3724,1176,1176,22540
5,2,5,0,1176,3724,1176,16464,22540
0,5,4,5,1176,3724,16464,1176,22540
6,0,5,4,3724,1176,16464,1176,22540
1,3,3,3,1176,3724,1176,16464,22540
5,6,3,1,1176,1176,3724,16464,22540
5,2,3,5,16464,3724,1176,1176,22540
0,1,0,5,3724,16464,1176,1176,22540
6,0,5,2,1176,1176,16464,3724,22540
1,1,7,1,4104,4104,12996,1296,22500
7,7,4,2,4104,4104,1296,12996,22500
2,2,2,1,4104,4104,12996,1296,22500
2,2,1,7,1296,12996,4104,4104,22500
7,7,1,1,4104,1296,4104,12996,22500
7,2,1,2,4104,4104,1296,12996,22500
7,4,4,1,4104,4104,12996,1296,22500
2,2,1,2,1296,4104,4104,12996,22500
2,2,1,1,1296,4104,12996,4104,22500
7,2,1,4,12996,4104,1296,4104,22500
1,1,7,7,4104,12996,4104,1296,22500
2,1,4,7,4104,12996,4104,1296,22500
7,1,7,7,12996,4104,4104,1296,22500
2,2,2,7,4104,12996,4104,1296,22500
2,2,2,4,12996,4104,4104,1296,22500
2,1,4,4,12996,4104,4104,1296,22500
1,1,7,4,12996,4104,4104,1296,22500
2,1,7,7,4104,4104,12996,1296,22500
2,1,7,2,4104,1296,12996,4104,22500
7,2,1,7,4104,12996,1296,4104,22500
1,1,1,4,12996,4104,1296,4104,22500
7,1,7,2,12996,1296,4104,4104,22500
2,7,7,7,1296,4104,12996,4104,22500
7,4,7,7,4104,4104,12996,1296,22500
2,7,4,7,1296,12996,4104,4104,22500
7,7,4,7,4104,12996,1296,4104,22500
2,7,4,2,1296,4104,4104,12996,22500
2,7,4,1,1296,4104,12996,4104,22500
2,7,2,4,12996,1296,4104,4104,22500
2,7,2,2,4104,1296,4104,12996,22500
2,7,2,1,4104,1296,12996,4104,22500
2,7,1,7,1296,4104,4104,12996,22500
2,7,1,4,4104,1296,4104,12996,22500
7,1,1,7,12996,4104,1296,4104,22500
7,1,1,1,12996,1296,4104,4104,22500
7,7,7,4,12996,1296,4104,4104,22500
2,4,4,4,4104,4104,12996,1296,22500
2,4,4,2,1296,4104,12996,4104,22500
2,4,2,7,4104,4104,12996,1296,22500
2,4,1,4,4104,1296,12996,4104,22500
2,7,7,4,4104,1296,12996,4104,22500
7,7,7,1,4104,1296,12996,4104,22500
7,7,2,1,12996,1296,4104,4104,22500
7,4,7,2,4104,1296,12996,4104,22500
7,4,4,4,12996,4104,4104,1296,22500
2,2,4,2,1296,12996,4104,4104,22500
2,2,4,4,4104,12996,4104,1296,22500
1,1,4,2,4104,12996,1296,4104,22500
7,7,4,4,12996,4104,1296,4104,22500
1,1,4,1,4104,12996,4104,1296,22500
7,4,4,7,4104,12996,4104,1296,22500
2,2,7,2,1296,4104,12996,4104,22500
2,2,7,4,4104,4104,12996,1296,22500
1,1,2,2,12996,4104,1296,4104,22500
1,1,2,1,12996,4104,4104,1296,22500
1,1,1,7,4104,12996,1296,4104,22500
1,4,1,7,1296,12996,4104,4104,22500
1,1,1,2,4104,4104,1296,12996,22500
7,1,4,2,12996,4104,1296,4104,22500
7,1,4,1,12996,4104,4104,1296,22500
7,7,1,7,4104,4104,1296,12996,22500
7,2,2,1,12996,4104,4104,1296,22500
1,4,1,2,1296,4104,4104,12996,22500
7,2,2,2,12996,4104,1296,4104,22500
4,2,7,2,1296,4104,4104,12996,22500
4,4,4,1,1296,4104,12996,4104,22500
4,4,2,4,12996,1296,4104,4104,22500
4,4,2,2,4104,1296,4104,12996,22500
4,4,2,1,4104,1296,12996,4104,22500
4,4,1,7,1296,4104,4104,12996,22500
7,4,1,4,12996,1296,4104,4104,22500
4,4,1,4,4104,1296,4104,12996,22500
2,4,1,7,1296,4104,12996,4104,22500
4,2,7,7,1296,12996,4104,4104,22500
4,2,7,1,1296,4104,12996,4104,22500
4,4,4,7,1296,12996,4104,4104,22500
4,2,4,4,4104,12996,1296,4104,22500
4,2,4,1,1296,12996,4104,4104,22500
7,2,7,7,4104,12996,4104,1296,22500
4,2,2,7,4104,12996,1296,4104,22500
4,2,2,4,12996,4104,1296,4104,22500
4,2,2,2,4104,4104,1296,12996,22500
1,7,1,1,1296,4104,4104,12996,22500
4,2,1,4,4104,4104,1296,12996,22500
4,2,1,1,1296,4104,4104,12996,22500
4,4,4,2,1296,4104,4104,12996,22500
4,4,7,4,4104,1296,12996,4104,22500
4,1,7,2,4104,1296,4104,12996,22500
1,4,7,2,1296,4104,12996,4104,22500
1,4,1,1,1296,4104,12996,4104,22500
1,4,2,1,4104,4104,12996,1296,22500
4,7,7,7,1296,4104,4104,12996,22500
1,4,2,4,12996,4104,4104,1296,22500
4,7,7,4,4104,1296,4104,12996,22500
1,4,2,7,4104,12996,4104,1296,22500
1,4,4,2,1296,12996,4104,4104,22500
7,7,2,7,12996,4104,1296,4104,22500
1,4,4,4,4104,12996,4104,1296,22500
1,4,7,4,4104,4104,12996,1296,22500
4,4,7,7,1296,4104,12996,4104,22500
4,7,4,4,4104,4104,1296,12996,22500
4,7,4,1,1296,4104,4104,12996,22500
4,7,2,7,4104,4104,1296,12996,22500
4,7,2,1,4104,1296,4104,12996,22500
7,7,7,2,4104,1296,4104,12996,22500
1,2,7,4,4104,12996,4104,1296,22500
1,2,7,2,1296,12996,4104,4104,22500
7,4,1,1,4104,1296,12996,4104,22500
7,4,1,2,4104,1296,4104,12996,22500
4,1,7,4,12996,1296,4104,4104,22500
2,4,2,2,4104,1296,12996,4104,22500
4,1,7,1,4104,1296,12996,4104,22500
1,2,1,4,4104,12996,1296,4104,22500
4,1,1,7,4104,4104,1296,12996,22500
1,7,2,7,4104,12996,1296,4104,22500
4,1,1,1,4104,1296,4104,12996,22500
1,2,1,1,1296,12996,4104,4104,22500
1,7,4,1,1296,12996,4104,4104,22500
1,7,4,4,4104,12996,1296,4104,22500
2,1,2,2,12996,1296,4104,4104,22500
2,1,1,4,12996,1296,4104,4104,22500
7,4,2,2,12996,1296,4104,4104,22500
1,7,7,1,1296,4104,12996,4104,22500
1,7,7,2,1296,4104,4104,12996,22500
1,7,7,7,1296,12996,4104,4104,22500
2,1,1,1,4104,1296,12996,4104,22500
1,2,2,2,4104,12996,1296,4104,22500
2,1,1,2,4104,1296,4104,12996,22500
7,4,2,7,12996,4104,4104,1296,22500
1,7,1,4,4104,4104,1296,12996,22500
4,1,2,1,12996,1296,4104,4104,22500
2,1,2,7,12996,4104,4104,1296,22500
7,2,4,1,4104,12996,4104,1296,22500
2,1,4,1,4104,4104,12996,1296,22500
7,2,7,4,12996,4104,4104,1296,22500
1,7,2,2,4104,4104,1296,12996,22500
7,2,7,1,4104,4104,12996,1296,22500
4,1,4,7,4104,12996,1296,4104,22500
4,1,4,4,12996,4104,1296,4104,22500
4,1,4,2,4104,4104,1296,12996,22500
1,2,2,1,4104,12996,4104,1296,22500
1,7,2,4,12996,4104,1296,4104,22500
7,2,4,2,4104,12996,1296,4104,22500
4,1,2,7,12996,4104,1296,4104,22500
0,1,2,3,361,7056,7056,7056,21529
3,7,6,2,7056,7056,7056,361,21529
3,7,1,5,7056,7056,7056,361,21529
3,0,1,2,7056,7056,7056,361,21529
5,3,7,1,7056,7056,361,7056,21529
5,4,0,1,7056,7056,361,7056,21529
7,1,5,3,361,7056,7056,7056,21529
4,7,6,5,7056,7056,7056,361,21529
2,3,7,6,7056,7056,361,7056,21529
1,5,4,0,7056,361,7056,7056,21529
1,2,3,0,7056,361,7056,7056,21529
7,6,5,4,361,7056,7056,7056,21529
6,2,3,7,7056,361,7056,7056,21529
6,2,4,0,7056,361,7056,7056,21529
0,1,5,4,361,7056,7056,7056,21529
5,4,7,6,7056,7056,361,7056,21529
7,6,2,3,361,7056,7056,7056,21529
2,4,0,6,7056,7056,361,7056,21529
4,0,1,5,7056,7056,7056,361,21529
4,0,6,2,7056,7056,7056,361,21529
6,5,4,7,7056,361,7056,7056,21529
2,3,0,1,7056,7056,361,7056,21529
0,6,2,4,361,7056,7056,7056,21529
1,5,3,7,7056,361,7056,7056,21529
2,3,7,3,504,7056,5054,7056,19670
0,7,1,5,504,7056,7056,5054,19670
0,7,6,2,504,7056,7056,5054,19670
7,3,5,4,5054,7056,504,7056,19670
2,3,7,5,7056,7056,5054,504,19670
0,5,2,4,5054,504,7056,7056,19670
2,0,7,6,7056,7056,5054,504,19670
1,3,3,7,7056,5054,504,7056,19670
2,4,0,0,7056,504,5054,7056,19670
2,4,0,3,504,7056,5054,7056,19670
2,4,0,5,7056,7056,5054,504,19670
7,1,0,3,5054,7056,504,7056,19670
1,3,4,0,7056,5054,504,7056,19670
7,5,2,3,5054,504,7056,7056,19670
2,3,7,0,7056,504,5054,7056,19670
7,1,3,3,5054,504,7056,7056,19670
0,3,7,1,504,7056,5054,7056,19670
1,5,0,7,7056,5054,504,7056,19670
0,5,4,7,504,5054,7056,7056,19670
7,1,6,3,5054,7056,7056,504,19670
1,6,4,0,504,5054,7056,7056,19670
7,1,5,6,5054,7056,504,7056,19670
7,1,5,5,5054,7056,7056,504,19670
7,1,5,0,5054,504,7056,7056,19670
1,2,3,3,504,5054,7056,7056,19670
1,6,3,7,504,5054,7056,7056,19670
1,2,3,5,7056,5054,7056,504,19670
1,2,0,0,7056,5054,504,7056,19670
1,5,6,7,7056,5054,7056,504,19670
7,5,5,4,5054,504,7056,7056,19670
1,0,4,0,7056,5054,7056,504,19670
1,0,3,7,7056,5054,7056,504,19670
2,3,3,1,7056,504,5054,7056,19670
0,4,7,6,504,7056,5054,7056,19670
1,5,5,7,504,5054,7056,7056,19670
2,0,0,1,7056,7056,5054,504,19670
1,2,5,0,504,5054,7056,7056,19670
0,4,0,1,504,7056,5054,7056,19670
7,3,2,3,5054,7056,504,7056,19670
2,3,5,1,504,7056,5054,7056,19670
1,2,6,0,7056,5054,7056,504,19670
1,5,4,6,7056,5054,504,7056,19670
2,3,6,1,7056,7056,5054,504,19670
1,5,4,5,7056,5054,7056,504,19670
1,5,4,3,504,5054,7056,7056,19670
1,2,3,6,7056,5054,504,7056,19670
2,6,7,6,504,7056,5054,7056,19670
4,3,1,5,7056,7056,504,5054,19670
4,7,0,5,7056,7056,504,5054,19670
0,1,2,6,5054,7056,504,7056,19670
4,5,6,2,7056,504,7056,5054,19670
6,4,7,6,7056,504,5054,7056,19670
0,1,2,5,5054,7056,7056,504,19670
4,6,1,5,504,7056,7056,5054,19670
4,6,6,2,504,7056,7056,5054,19670
4,7,3,5,7056,504,7056,5054,19670
3,7,1,3,504,7056,7056,5054,19670
4,7,5,5,504,7056,7056,5054,19670
4,7,6,0,7056,504,7056,5054,19670
4,7,6,3,504,7056,7056,5054,19670
4,7,6,6,7056,7056,504,5054,19670
5,0,1,2,7056,7056,504,5054,19670
5,0,7,1,7056,7056,5054,504,19670
4,5,1,5,7056,504,7056,5054,19670
7,6,3,4,5054,504,7056,7056,19670
0,1,3,4,5054,504,7056,7056,19670
4,3,6,2,7056,7056,504,5054,19670
7,6,2,6,5054,7056,504,7056,19670
7,6,2,5,5054,7056,7056,504,19670
4,0,5,2,504,7056,7056,5054,19670
4,0,3,2,7056,504,7056,5054,19670
7,6,2,0,5054,504,7056,7056,19670
4,0,1,6,7056,7056,504,5054,19670
6,6,2,4,5054,504,7056,7056,19670
4,0,1,3,504,7056,7056,5054,19670
4,0,1,0,7056,504,7056,5054,19670
4,0,0,2,7056,7056,504,5054,19670
3,7,5,2,504,7056,7056,5054,19670
6,6,4,7,504,5054,7056,7056,19670
3,7,3,2,7056,504,7056,5054,19670
5,1,2,3,5054,7056,504,7056,19670
5,1,5,4,5054,7056,504,7056,19670
0,1,2,0,5054,504,7056,7056,19670
5,6,7,1,504,7056,5054,7056,19670
6,1,5,4,5054,504,7056,7056,19670
6,2,0,7,7056,5054,504,7056,19670
6,1,2,3,5054,504,7056,7056,19670
6,0,4,7,7056,5054,7056,504,19670
0,0,1,2,504,7056,7056,5054,19670
6,0,1,2,7056,504,7056,5054,19670
6,2,4,3,504,5054,7056,7056,19670
6,2,4,5,7056,5054,7056,504,19670
6,2,4,6,7056,5054,504,7056,19670
5,7,6,2,7056,7056,504,5054,19670
6,2,5,7,504,5054,7056,7056,19670
5,7,1,5,7056,7056,504,5054,19670
6,2,6,7,7056,5054,7056,504,19670
0,0,2,4,5054,7056,7056,504,19670
7,6,6,4,5054,7056,7056,504,19670
6,4,0,1,7056,504,5054,7056,19670
5,6,2,4,5054,7056,504,7056,19670
5,5,7,1,7056,504,5054,7056,19670
5,5,4,7,7056,5054,504,7056,19670
5,4,7,5,7056,7056,5054,504,19670
5,4,7,3,504,7056,5054,7056,19670
5,4,7,0,7056,504,5054,7056,19670
5,4,6,1,7056,7056,5054,504,19670
6,3,4,7,7056,5054,504,7056,19670
5,4,5,1,504,7056,5054,7056,19670
5,4,3,1,7056,504,5054,7056,19670
6,3,7,1,7056,504,5054,7056,19670
0,1,0,4,5054,7056,504,7056,19670
5,2,4,0,7056,5054,504,7056,19670
5,2,3,7,7056,5054,504,7056,19670
3,7,1,6,7056,7056,504,5054,19670
3,4,0,1,7056,7056,5054,504,19670
3,3,7,1,7056,7056,5054,504,19670
2,5,0,1,7056,504,5054,7056,19670
6,7,1,5,7056,504,7056,5054,19670
7,0,5,4,5054,7056,7056,504,19670
2,5,7,6,7056,504,5054,7056,19670
3,5,4,7,7056,5054,7056,504,19670
2,6,0,1,504,7056,5054,7056,19670
0,3,2,4,5054,7056,504,7056,19670
7,6,0,4,5054,7056,504,7056,19670
7,0,2,3,5054,7056,7056,504,19670
3,5,1,2,7056,504,7056,5054,19670
3,4,7,6,7056,7056,5054,504,19670
3,1,2,3,5054,7056,7056,504,19670
3,1,5,4,5054,7056,7056,504,19670
0,2,4,0,504,5054,7056,7056,19670
0,2,3,7,504,5054,7056,7056,19670
3,2,3,7,7056,5054,7056,504,19670
3,2,4,0,7056,5054,7056,504,19670
3,3,1,2,7056,7056,504,5054,19670
3,6,1,2,504,7056,7056,5054,19670
6,7,6,2,7056,504,7056,5054,19670
2,4,6,6,7056,7056,5054,504,19670
2,4,5,6,504,7056,5054,7056,19670
3,6,2,4,5054,7056,7056,504,19670
3,7,0,2,7056,7056,504,5054,19670
0,1,6,4,5054,7056,7056,504,19670
2,4,3,6,7056,504,5054,7056,19670
3,7,1,0,7056,504,7056,5054,19670
2,4,0,2,3024,3024,2166,9576,17790
5,1,7,1,9576,3024,2166,3024,17790
0,1,1,4,2166,3024,3024,9576,17790
7,4,0,1,9576,3024,2166,3024,17790
6,1,4,7,9576,2166,3024,3024,17790
2,3,4,1,3024,9576,2166,3024,17790
2,4,4,6,3024,9576,2166,3024,17790
7,0,1,2,9576,3024,3024,2166,17790
1,2,7,0,3024,2166,9576,3024,17790
5,2,7,1,3024,9576,2166,3024,17790
5,4,1,1,3024,3024,2166,9576,17790
5,4,2,1,9576,3024,2166,3024,17790
6,2,1,7,3024,2166,3024,9576,17790
3,2,1,2,3024,9576,3024,2166,17790
7,3,7,1,9576,3024,2166,3024,17790
5,4,4,1,3024,9576,2166,3024,17790
1,3,7,1,3024,9576,2166,3024,17790
4,7,6,1,3024,3024,9576,2166,17790
6,4,4,7,3024,2166,9576,3024,17790
2,3,2,1,9576,3024,2166,3024,17790
1,4,4,0,3024,2166,9576,3024,17790
4,7,6,4,9576,3024,3024,2166,17790
1,4,3,7,3024,2166,9576,3024,17790
2,4,0,7,3024,9576,2166,3024,17790
4,7,6,7,3024,9576,3024,2166,17790
4,7,7,5,3024,3024,9576,2166,17790
0,1,2,2,2166,3024,3024,9576,17790
7,1,4,3,2166,9576,3024,3024,17790
0,1,2,1,2166,3024,9576,3024,17790
0,7,2,4,2166,3024,3024,9576,17790
1,4,0,1,3024,9576,2166,3024,17790
7,6,4,4,2166,9576,3024,3024,17790
3,1,1,2,9576,3024,3024,2166,17790
1,2,3,2,3024,2166,3024,9576,17790
2,7,7,6,3024,3024,2166,9576,17790
1,2,3,4,9576,2166,3024,3024,17790
6,2,2,7,9576,2166,3024,3024,17790
2,3,7,4,9576,3024,2166,3024,17790
2,4,0,4,9576,3024,2166,3024,17790
1,1,4,0,9576,2166,3024,3024,17790
1,1,3,7,9576,2166,3024,3024,17790
1,0,1,2,3024,9576,3024,2166,17790
1,1,2,3,2166,9576,3024,3024,17790
7,4,5,4,2166,3024,9576,3024,17790
6,2,4,1,3024,2166,9576,3024,17790
7,1,1,3,2166,3024,3024,9576,17790
2,3,7,7,3024,9576,2166,3024,17790
5,7,7,1,3024,3024,2166,9576,17790
7,7,1,5,9576,3024,3024,2166,17790
2,5,4,7,3024,2166,9576,3024,17790
6,2,4,2,3024,2166,3024,9576,17790
7,6,7,4,2166,3024,9576,3024,17790
2,6,2,4,2166,3024,9576,3024,17790
6,2,7,7,3024,2166,9576,3024,17790
5,4,7,4,9576,3024,2166,3024,17790
6,2,4,4,9576,2166,3024,3024,17790
7,4,2,3,2166,3024,9576,3024,17790
1,2,3,1,3024,2166,9576,3024,17790
7,4,7,6,9576,3024,2166,3024,17790
5,4,7,2,3024,3024,2166,9576,17790
2,7,6,2,3024,3024,9576,2166,17790
1,2,2,0,9576,2166,3024,3024,17790
1,1,5,4,2166,9576,3024,3024,17790
2,2,0,1,3024,9576,2166,3024,17790
5,4,7,7,3024,9576,2166,3024,17790
1,2,1,0,3024,2166,3024,9576,17790
7,7,2,3,2166,3024,3024,9576,17790
2,7,0,1,3024,3024,2166,9576,17790
2,3,7,2,3024,3024,2166,9576,17790
2,7,1,5,3024,3024,9576,2166,17790
3,7,1,1,3024,3024,9576,2166,17790
1,4,7,6,3024,9576,2166,3024,17790
2,2,4,0,3024,2166,9576,3024,17790
2,0,1,2,3024,3024,9576,2166,17790
4,0,2,2,9576,3024,3024,2166,17790
2,2,3,7,3024,2166,9576,3024,17790
7,2,5,4,2166,9576,3024,3024,17790
7,6,2,1,2166,3024,9576,3024,17790
7,6,2,2,2166,3024,3024,9576,17790
4,0,4,2,3024,9576,3024,2166,17790
1,7,6,2,3024,9576,3024,2166,17790
4,0,7,2,3024,3024,9576,2166,17790
7,6,2,7,2166,9576,3024,3024,17790
1,7,4,0,3024,2166,3024,9576,17790
1,7,3,7,3024,2166,3024,9576,17790
0,4,2,4,2166,3024,9576,3024,17790
4,1,1,5,9576,3024,3024,2166,17790
4,7,4,5,3024,9576,3024,2166,17790
4,1,5,4,2166,3024,3024,9576,17790
1,7,1,5,3024,9576,3024,2166,17790
4,1,6,2,9576,3024,3024,2166,17790
4,0,1,7,3024,9576,3024,2166,17790
4,0,1,4,9576,3024,3024,2166,17790
7,1,7,3,2166,3024,9576,3024,17790
7,2,4,0,9576,2166,3024,3024,17790
2,1,7,6,9576,3024,2166,3024,17790
3,7,1,4,9576,3024,3024,2166,17790
7,5,4,7,9576,2166,3024,3024,17790
3,7,1,7,3024,9576,3024,2166,17790
2,1,5,4,2166,3024,9576,3024,17790
3,7,2,2,9576,3024,3024,2166,17790
3,7,4,2,3024,9576,3024,2166,17790
7,2,2,3,2166,9576,3024,3024,17790
0,1,7,4,2166,3024,9576,3024,17790
7,6,1,4,2166,3024,3024,9576,17790
2,1,2,3,2166,3024,9576,3024,17790
3,7,7,2,3024,3024,9576,2166,17790
0,1,4,4,2166,9576,3024,3024,17790
7,7,5,4,2166,3024,3024,9576,17790
2,1,0,1,9576,3024,2166,3024,17790
4,0,1,1,3024,3024,9576,2166,17790
7,2,3,7,9576,2166,3024,3024,17790
4,2,1,5,3024,9576,3024,2166,17790
4,1,2,3,2166,3024,3024,9576,17790
2,4,1,6,3024,3024,2166,9576,17790
4,4,1,5,3024,3024,9576,2166,17790
6,7,4,7,3024,2166,3024,9576,17790
2,3,1,1,3024,3024,2166,9576,17790
1,5,4,2,3024,2166,3024,9576,17790
0,2,2,4,2166,9576,3024,3024,17790
1,5,4,1,3024,2166,9576,3024,17790
7,7,6,2,9576,3024,3024,2166,17790
7,1,5,7,2166,9576,3024,3024,17790
4,5,4,7,3024,2166,3024,9576,17790
4,6,2,4,2166,3024,3024,9576,17790
1,5,2,7,9576,2166,3024,3024,17790
2,2,7,6,3024,9576,2166,3024,17790
4,4,7,6,3024,3024,2166,9576,17790
1,5,1,7,3024,2166,3024,9576,17790
3,4,1,2,3024,3024,9576,2166,17790
4,4,6,2,3024,3024,9576,2166,17790
4,7,2,5,9576,3024,3024,2166,17790
4,3,7,1,3024,3024,2166,9576,17790
4,2,3,7,3024,2166,3024,9576,17790
4,2,4,0,3024,2166,3024,9576,17790
4,2,6,2,3024,9576,3024,2166,17790
2,4,2,6,9576,3024,2166,3024,17790
7,1,5,1,2166,3024,9576,3024,17790
1,6,2,4,2166,9576,3024,3024,17790
1,5,4,4,9576,2166,3024,3024,17790
7,1,5,2,2166,3024,3024,9576,17790
1,5,7,7,3024,2166,9576,3024,17790
4,4,0,1,3024,3024,2166,9576,17790
0,1,2,7,2166,9576,3024,3024,17790
7,6,3,7,1596,1596,7056,7056,17304
7,6,1,5,1596,7056,7056,1596,17304
0,1,6,2,1596,7056,7056,1596,17304
0,3,7,4,1596,7056,1596,7056,17304
0,2,3,4,1596,1596,7056,7056,17304
7,6,7,6,1596,7056,1596,7056,17304
7,6,4,0,1596,1596,7056,7056,17304
0,3,2,1,1596,7056,1596,7056,17304
0,1,7,6,1596,7056,1596,7056,17304
0,1,4,0,1596,1596,7056,7056,17304
0,0,1,4,1596,7056,7056,1596,17304
7,5,5,7,1596,1596,7056,7056,17304
0,5,2,7,1596,1596,7056,7056,17304
7,6,0,1,1596,7056,1596,7056,17304
0,1,1,5,1596,7056,7056,1596,17304
7,5,4,3,1596,1596,7056,7056,17304
0,4,0,4,1596,7056,1596,7056,17304
0,5,4,4,1596,1596,7056,7056,17304
7,6,6,2,1596,7056,7056,1596,17304
0,2,2,0,1596,1596,7056,7056,17304
0,1,3,7,1596,1596,7056,7056,17304
0,1,0,1,1596,7056,1596,7056,17304
0,4,2,6,1596,7056,1596,7056,17304
0,0,2,2,1596,7056,7056,1596,17304
6,2,0,1,7056,1596,1596,7056,17304
0,7,2,5,1596,7056,7056,1596,17304
4,1,5,5,1596,7056,7056,1596,17304
6,4,4,6,7056,1596,1596,7056,17304
4,6,6,4,1596,7056,7056,1596,17304
4,6,2,5,1596,7056,7056,1596,17304
4,5,6,7,7056,1596,7056,1596,17304
4,5,4,5,7056,1596,7056,1596,17304
4,4,6,6,7056,7056,1596,1596,17304
4,4,0,5,7056,7056,1596,1596,17304
4,3,7,5,7056,7056,1596,1596,17304
4,3,6,1,7056,7056,1596,1596,17304
4,2,6,0,7056,1596,7056,1596,17304
4,2,3,5,7056,1596,7056,1596,17304
4,1,6,3,1596,7056,7056,1596,17304
4,0,7,6,7056,7056,1596,1596,17304
5,0,7,2,7056,7056,1596,1596,17304
4,0,5,4,1596,7056,7056,1596,17304
4,0,4,0,7056,1596,7056,1596,17304
4,0,3,7,7056,1596,7056,1596,17304
4,0,2,3,1596,7056,7056,1596,17304
6,6,2,7,1596,1596,7056,7056,17304
4,0,0,1,7056,7056,1596,1596,17304
3,7,7,6,7056,7056,1596,1596,17304
3,7,5,4,1596,7056,7056,1596,17304
6,6,4,4,1596,1596,7056,7056,17304
3,7,3,7,7056,1596,7056,1596,17304
3,7,2,3,1596,7056,7056,1596,17304
3,7,0,1,7056,7056,1596,1596,17304
5,0,1,1,7056,7056,1596,1596,17304
5,1,5,1,1596,7056,1596,7056,17304
0,7,6,4,1596,7056,7056,1596,17304
5,6,2,1,1596,7056,1596,7056,17304
6,1,5,7,1596,1596,7056,7056,17304
6,1,4,3,1596,1596,7056,7056,17304
6,2,1,5,7056,1596,7056,1596,17304
6,2,2,3,1596,1596,7056,7056,17304
6,0,4,2,7056,1596,7056,1596,17304
6,0,1,7,7056,1596,7056,1596,17304
5,7,7,5,7056,7056,1596,1596,17304
6,2,5,4,1596,1596,7056,7056,17304
5,7,6,1,7056,7056,1596,1596,17304
6,2,6,2,7056,1596,7056,1596,17304
5,6,7,4,1596,7056,1596,7056,17304
6,2,7,6,7056,1596,1596,7056,17304
5,5,7,7,7056,1596,1596,7056,17304
6,4,0,7,7056,1596,1596,7056,17304
5,5,4,1,7056,1596,1596,7056,17304
6,3,4,1,7056,1596,1596,7056,17304
5,4,6,2,7056,7056,1596,1596,17304
5,4,5,4,1596,7056,1596,7056,17304
5,4,4,0,7056,1596,1596,7056,17304
5,4,3,7,7056,1596,1596,7056,17304
5,4,2,3,1596,7056,1596,7056,17304
5,4,1,5,7056,7056,1596,1596,17304
5,2,7,0,7056,1596,1596,7056,17304
6,3,7,7,7056,1596,1596,7056,17304
5,2,3,1,7056,1596,1596,7056,17304
5,1,7,3,1596,7056,1596,7056,17304
3,6,2,2,1596,7056,7056,1596,17304
3,6,1,4,1596,7056,7056,1596,17304
3,5,4,2,7056,1596,7056,1596,17304
3,5,1,7,7056,1596,7056,1596,17304
2,1,0,3,1596,7056,1596,7056,17304
2,0,1,6,7056,7056,1596,1596,17304
7,2,5,0,1596,1596,7056,7056,17304
2,0,0,2,7056,7056,1596,1596,17304
1,7,6,0,7056,1596,7056,1596,17304
1,7,3,5,7056,1596,7056,1596,17304
1,6,3,4,1596,1596,7056,7056,17304
1,6,2,0,1596,1596,7056,7056,17304
1,5,7,6,7056,1596,1596,7056,17304
1,5,6,2,7056,1596,7056,1596,17304
1,5,5,4,1596,1596,7056,7056,17304
1,5,2,3,1596,1596,7056,7056,17304
1,5,1,5,7056,1596,7056,1596,17304
1,5,0,1,7056,1596,1596,7056,17304
7,3,5,1,1596,7056,1596,7056,17304
1,4,3,6,7056,1596,1596,7056,17304
7,7,6,3,1596,7056,7056,1596,17304
1,4,0,0,7056,1596,1596,7056,17304
1,3,7,0,7056,1596,1596,7056,17304
7,3,7,3,1596,7056,1596,7056,17304
7,4,0,3,1596,7056,1596,7056,17304
1,3,3,1,7056,1596,1596,7056,17304
1,1,5,0,1596,1596,7056,7056,17304
1,1,3,3,1596,1596,7056,7056,17304
7,4,5,6,1596,7056,1596,7056,17304
1,0,3,2,7056,1596,7056,1596,17304
1,0,1,0,7056,1596,7056,1596,17304
7,2,3,3,1596,1596,7056,7056,17304
2,1,5,6,1596,7056,1596,7056,17304
2,2,0,0,7056,1596,1596,7056,17304
7,7,5,5,1596,7056,7056,1596,17304
3,4,1,6,7056,7056,1596,1596,17304
3,4,0,2,7056,7056,1596,1596,17304
6,7,4,5,7056,1596,7056,1596,17304
3,3,7,2,7056,7056,1596,1596,17304
6,7,6,7,7056,1596,7056,1596,17304
3,3,1,1,7056,7056,1596,1596,17304
3,2,3,2,7056,1596,7056,1596,17304
3,2,1,0,7056,1596,7056,1596,17304
3,1,5,2,1596,7056,7056,1596,17304
3,1,1,3,1596,7056,7056,1596,17304
7,0,1,3,1596,7056,7056,1596,17304
2,7,6,6,7056,7056,1596,1596,17304
2,7,0,5,7056,7056,1596,1596,17304
2,6,2,6,1596,7056,1596,7056,17304
2,6,0,4,1596,7056,1596,7056,17304
7,0,5,2,1596,7056,7056,1596,17304
2,5,4,6,7056,1596,1596,7056,17304
2,5,0,7,7056,1596,1596,7056,17304
2,3,6,2,7056,7056,1596,1596,17304
2,3,5,4,1596,7056,1596,7056,17304
2,3,4,0,7056,1596,1596,7056,17304
2,3,3,7,7056,1596,1596,7056,17304
2,3,2,3,1596,7056,1596,7056,17304
2,3,1,5,7056,7056,1596,1596,17304
2,2,3,6,7056,1596,1596,7056,17304
3,7,4,0,7056,1596,7056,1596,17304
7,7,4,1,4104,4104,4104,4104,16416
7,7,7,7,4104,4104,4104,4104,16416
2,2,2,2,4104,4104,4104,4104,16416
1,7,2,1,4104,4104,4104,4104,16416
4,2,2,1,4104,4104,4104,4104,16416
4,2,7,4,4104,4104,4104,4104,16416
4,4,2,7,4104,4104,4104,4104,16416
4,4,4,4,4104,4104,4104,4104,16416
2,2,1,4,4104,4104,4104,4104,16416
1,4,2,2,4104,4104,4104,4104,16416
1,4,1,4,4104,4104,4104,4104,16416
7,4,4,2,4104,4104,4104,4104,16416
1,1,7,2,4104,4104,4104,4104,16416
4,1,4,1,4104,4104,4104,4104,16416
1,1,1,1,4104,4104,4104,4104,16416
1,7,7,4,4104,4104,4104,4104,16416
2,1,1,7,4104,4104,4104,4104,16416
2,1,4,2,4104,4104,4104,4104,16416
2,7,4,4,4104,4104,4104,4104,16416
2,7,2,7,4104,4104,4104,4104,16416
7,2,1,1,4104,4104,4104,4104,16416
7,2,7,2,4104,4104,4104,4104,16416
7,4,1,7,4104,4104,4104,4104,16416
4,1,7,7,4104,4104,4104,4104,16416
1,5,4,7,3024,6859,3024,3024,15931
3,7,1,2,3024,3024,3024,6859,15931
2,4,7,6,3024,3024,6859,3024,15931
2,4,0,1,3024,3024,6859,3024,15931
4,0,1,2,3024,3024,3024,6859,15931
2,3,7,1,3024,3024,6859,3024,15931
7,6,2,4,6859,3024,3024,3024,15931
4,7,1,5,3024,3024,3024,6859,15931
5,4,7,1,3024,3024,6859,3024,15931
1,2,4,0,3024,6859,3024,3024,15931
1,2,3,7,3024,6859,3024,3024,15931
6,2,4,7,3024,6859,3024,3024,15931
0,1,2,4,6859,3024,3024,3024,15931
7,1,2,3,6859,3024,3024,3024,15931
7,1,5,4,6859,3024,3024,3024,15931
4,7,6,2,3024,3024,3024,6859,15931
0,5,6,6,2744,2744,2744,2744,10976
0,5,0,5,2744,2744,2744,2744,10976
0,3,6,0,2744,2744,2744,2744,10976
0,3,3,5,2744,2744,2744,2744,10976
0,0,3,6,2744,2744,2744,2744,10976
3,6,3,6,2744,2744,2744,2744,10976
3,3,3,3,2744,2744,2744,2744,10976
3,3,5,0,2744,2744,2744,2744,10976
6,6,6,6,2744,2744,2744,2744,10976
6,6,0,5,2744,2744,2744,2744,10976
6,3,6,3,2744,2744,2744,2744,10976
6,3,5,5,2744,2744,2744,2744,10976
6,0,5,6,2744,2744,2744,2744,10976
6,0,0,3,2744,2744,2744,2744,10976
5,6,6,0,2744,2744,2744,2744,10976
5,6,3,5,2744,2744,2744,2744,10976
5,5,6,3,2744,2744,2744,2744,10976
5,5,5,5,2744,2744,2744,2744,10976
5,0,5,0,2744,2744,2744,2744,10976
5,0,3,3,2744,2744,2744,2744,10976
3,6,0,0,2744,2744,2744,2744,10976
3,5,5,6,2744,2744,2744,2744,10976
3,5,0,3,2744,2744,2744,2744,10976
0,0,0,0,2744,2744,2744,2744,10976
