,000,010,100,110,001,011,101,111
3_0_0.topo,1,2,4,2,2,4,2,1
3_0_11.topo,1,1,1,1,1,1,1,1
3_0_12.topo,1,4,1,4,4,1,4,1
3_0_13.topo,1,4,8,2,2,8,4,1
3_0_16.topo,1,4,4,4,4,4,4,1
3_0_3.topo,1,4,2,2,2,2,4,1
3_0_6.topo,1,2,2,1,1,2,2,1
3_1_0.topo,2,4,8,4,4,8,4,2
3_1_12.topo,2,4,2,4,4,2,4,2
3_1_14.topo,2,2,2,2,2,2,2,2
3_1_15.topo,2,8,2,8,8,2,8,2
3_1_16.topo,2,2,4,4,4,4,2,2
3_1_19.topo,2,1,4,8,8,4,1,2
3_1_23.topo,2,4,2,4,4,2,4,2
3_1_26.topo,2,2,2,2,2,2,2,2
3_1_3.topo,2,8,4,4,4,4,8,2
3_1_31.topo,2,2,2,8,8,2,2,2
3_1_35.topo,2,1,2,4,4,2,1,2
3_1_37.topo,2,1,2,4,4,2,1,2
3_1_40.topo,2,1,1,2,2,1,1,2
3_1_43.topo,2,2,1,4,4,1,2,2
3_1_6.topo,2,4,4,2,2,4,4,2
3_2_0.topo,4,2,4,8,8,4,2,4
3_2_12.topo,4,8,4,8,8,4,8,4
3_2_14.topo,4,4,4,4,4,4,4,4
3_2_16.topo,4,4,4,4,4,4,4,4
3_2_18.topo,4,2,4,2,2,4,2,4
3_2_19.topo,4,4,2,2,2,2,4,4
3_2_23.topo,4,2,1,8,8,1,2,4
3_2_25.topo,4,1,1,4,4,1,1,4
3_2_27.topo,4,1,4,4,4,4,1,4
3_2_3.topo,4,4,2,8,8,2,4,4
3_2_31.topo,4,2,1,2,2,1,2,4
3_2_39.topo,4,2,4,2,2,4,2,4
3_2_40.topo,4,2,1,2,2,1,2,4
3_2_43.topo,4,4,8,2,2,8,4,4
3_2_6.topo,4,2,2,4,4,2,2,4
3_3_0.topo,8,4,2,4,4,2,4,8
3_3_11.topo,8,8,8,8,8,8,8,8
3_3_12.topo,8,2,8,2,2,8,2,8
3_3_13.topo,8,2,1,4,4,1,2,8
3_3_16.topo,8,2,2,2,2,2,2,8
3_3_3.topo,8,2,4,4,4,4,2,8
3_3_6.topo,8,4,4,8,8,4,4,8
4_0_0.topo,1,6,12,2,2,12,6,1
4_0_1.topo,1,3,6,2,2,6,3,1
4_0_11.topo,1,3,3,1,1,3,3,1
4_0_12.topo,1,4,6,6,6,6,4,1
4_0_13.topo,1,10,3,6,6,3,10,1
4_0_14.topo,1,6,2,3,3,2,6,1
4_0_16.topo,1,5,3,3,3,3,5,1
4_0_18.topo,1,12,3,4,4,3,12,1
4_0_2.topo,1,6,6,5,5,6,6,1
4_0_20.topo,1,12,12,5,5,12,12,1
4_0_21.topo,1,6,20,6,6,20,6,1
4_0_22.topo,1,10,12,6,6,12,10,1
4_0_4.topo,1,12,6,2,2,6,12,1
4_0_7.topo,1,6,6,1,1,6,6,1
4_0_8.topo,1,6,3,2,2,3,6,1
4_1_0.topo,3,10,20,6,6,20,10,3
4_1_1.topo,2,6,12,4,4,12,6,2
4_1_11.topo,2,6,6,2,2,6,6,2
4_1_12.topo,3,12,10,10,10,10,12,3
4_1_13.topo,2,20,6,12,12,6,20,2
4_1_14.topo,2,12,4,6,6,4,12,2
4_1_16.topo,3,6,10,5,5,10,6,3
4_1_17.topo,2,10,6,6,6,6,10,2
4_1_18.topo,3,10,5,6,6,5,10,3
4_1_2.topo,2,12,12,10,10,12,12,2
4_1_21.topo,3,5,5,3,3,5,5,3
4_1_23.topo,3,20,5,12,12,5,20,3
4_1_25.topo,3,10,5,6,6,5,10,3
4_1_26.topo,2,12,2,12,12,2,12,2
4_1_27.topo,2,6,2,6,6,2,6,2
4_1_28.topo,3,2,4,6,6,4,2,3
4_1_29.topo,2,6,6,10,10,6,6,2
4_1_30.topo,2,3,10,12,12,10,3,2
4_1_31.topo,3,6,4,10,10,4,6,3
4_1_32.topo,2,2,6,6,6,6,2,2
4_1_34.topo,3,1,4,12,12,4,1,3
4_1_37.topo,2,3,6,20,20,6,3,2
4_1_4.topo,3,20,10,6,6,10,20,3
4_1_40.topo,3,3,4,20,20,4,3,3
4_1_41.topo,2,1,6,12,12,6,1,2
4_1_43.topo,3,4,2,6,6,2,4,3
4_1_46.topo,3,2,2,3,3,2,2,3
4_1_47.topo,2,6,5,12,12,5,6,2
4_1_48.topo,3,12,2,10,10,2,12,3
4_1_49.topo,2,6,2,6,6,2,6,2
4_1_51.topo,2,3,5,6,6,5,3,2
4_1_52.topo,3,6,2,5,5,2,6,3
4_1_53.topo,3,2,2,12,12,2,2,3
4_1_57.topo,3,1,2,6,6,2,1,3
4_1_59.topo,3,6,2,20,20,2,6,3
4_1_60.topo,2,3,2,12,12,2,3,2
4_1_62.topo,3,3,2,10,10,2,3,3
4_1_63.topo,3,3,2,10,10,2,3,3
4_1_64.topo,2,1,6,12,12,6,1,2
4_1_65.topo,2,1,3,6,6,3,1,2
4_1_67.topo,3,3,1,5,5,1,3,3
4_1_68.topo,2,1,3,6,6,3,1,2
4_1_69.topo,2,3,6,4,4,6,3,2
4_1_7.topo,3,10,10,3,3,10,10,3
4_1_70.topo,3,1,2,6,6,2,1,3
4_1_71.topo,2,3,3,10,10,3,3,2
4_1_73.topo,2,6,3,4,4,3,6,2
4_1_76.topo,2,3,3,2,2,3,3,2
4_1_77.topo,3,2,1,6,6,1,2,3
4_1_8.topo,2,12,6,4,4,6,12,2
4_1_80.topo,3,1,1,3,3,1,1,3
4_1_81.topo,2,2,3,12,12,3,2,2
4_1_82.topo,3,6,1,10,10,1,6,3
4_1_83.topo,2,3,1,6,6,1,3,2
4_2_0.topo,6,5,10,12,12,10,5,6
4_2_1.topo,6,2,4,12,12,4,2,6
4_2_10.topo,6,5,5,6,6,5,5,6
4_2_100.topo,4,6,4,6,6,4,6,4
4_2_101.topo,6,2,6,2,2,6,2,6
4_2_102.topo,6,1,2,12,12,2,1,6
4_2_103.topo,4,3,3,20,20,3,3,4
4_2_104.topo,6,6,2,10,10,2,6,6
4_2_105.topo,4,2,3,6,6,3,2,4
4_2_107.topo,5,12,6,10,10,6,12,5
4_2_108.topo,4,3,10,6,6,10,3,4
4_2_109.topo,6,6,4,5,5,4,6,6
4_2_11.topo,6,4,2,12,12,2,4,6
4_2_110.topo,6,2,6,2,2,6,2,6
4_2_111.topo,5,2,6,3,3,6,2,5
4_2_112.topo,6,1,4,6,6,4,1,6
4_2_117.topo,6,6,4,20,20,4,6,6
4_2_119.topo,5,2,6,12,12,6,2,5
4_2_121.topo,6,6,1,5,5,1,6,6
4_2_122.topo,4,2,3,6,6,3,2,4
4_2_123.topo,6,3,1,2,2,1,3,6
4_2_124.topo,5,1,3,3,3,3,1,5
4_2_125.topo,6,3,1,2,2,1,3,6
4_2_126.topo,5,1,12,12,12,12,1,5
4_2_127.topo,6,10,20,3,3,20,10,6
4_2_14.topo,6,2,2,6,6,2,2,6
4_2_15.topo,6,6,5,20,20,5,6,6
4_2_16.topo,6,12,2,20,20,2,12,6
4_2_17.topo,4,6,2,12,12,2,6,4
4_2_19.topo,6,3,5,10,10,5,3,6
4_2_2.topo,4,6,6,20,20,6,6,4
4_2_20.topo,6,6,2,10,10,2,6,6
4_2_21.topo,5,6,3,10,10,3,6,5
4_2_24.topo,5,3,3,5,5,3,3,5
4_2_26.topo,5,12,3,20,20,3,12,5
4_2_3.topo,6,3,10,20,20,10,3,6
4_2_30.topo,5,6,3,10,10,3,6,5
4_2_31.topo,6,12,10,20,20,10,12,6
4_2_32.topo,6,20,6,20,20,6,20,6
4_2_33.topo,4,12,4,12,12,4,12,4
4_2_35.topo,6,6,10,10,10,10,6,6
4_2_36.topo,6,6,10,10,10,10,6,6
4_2_38.topo,6,4,6,4,4,6,4,6
4_2_39.topo,6,4,2,3,3,2,4,6
4_2_4.topo,6,6,4,20,20,4,6,6
4_2_40.topo,6,10,2,6,6,2,10,6
4_2_41.topo,4,6,5,6,6,5,6,4
4_2_42.topo,6,12,2,5,5,2,12,6
4_2_43.topo,6,6,2,2,2,2,6,6
4_2_48.topo,6,2,1,12,12,1,2,6
4_2_5.topo,4,2,6,12,12,6,2,4
4_2_51.topo,6,1,1,6,6,1,1,6
4_2_52.topo,6,2,3,20,20,3,2,6
4_2_53.topo,6,6,1,20,20,1,6,6
4_2_54.topo,4,3,1,12,12,1,3,4
4_2_56.topo,6,1,3,10,10,3,1,6
4_2_57.topo,5,6,6,20,20,6,6,5
4_2_60.topo,6,3,4,10,10,4,3,6
4_2_61.topo,6,1,6,4,4,6,1,6
4_2_63.topo,6,6,1,5,5,1,6,6
4_2_64.topo,6,5,3,2,2,3,5,6
4_2_65.topo,4,6,1,6,6,1,6,4
4_2_66.topo,6,2,1,3,3,1,2,6
4_2_68.topo,6,12,1,10,10,1,12,6
4_2_7.topo,6,10,5,12,12,5,10,6
4_2_70.topo,6,12,4,10,10,4,12,6
4_2_73.topo,5,4,6,6,6,6,4,5
4_2_75.topo,5,1,6,6,6,6,1,5
4_2_76.topo,6,5,10,3,3,10,5,6
4_2_77.topo,6,2,4,3,3,4,2,6
4_2_79.topo,5,12,6,10,10,6,12,5
4_2_82.topo,5,6,6,5,5,6,6,5
4_2_83.topo,6,20,10,12,12,10,20,6
4_2_86.topo,6,10,10,6,6,10,10,6
4_2_87.topo,6,6,20,5,5,20,6,6
4_2_88.topo,4,10,12,6,6,12,10,4
4_2_89.topo,6,4,12,2,2,12,4,6
4_2_91.topo,5,10,6,3,3,6,10,5
4_2_92.topo,6,6,10,2,2,10,6,6
4_2_93.topo,4,20,12,12,12,12,20,4
4_2_94.topo,4,6,12,2,2,12,6,4
4_2_95.topo,6,20,10,12,12,10,20,6
4_2_97.topo,6,10,10,6,6,10,10,6
4_2_99.topo,6,5,10,3,3,10,5,6
4_3_0.topo,12,10,5,6,6,5,10,12
4_3_1.topo,12,4,2,6,6,2,4,12
4_3_11.topo,10,6,6,10,10,6,6,10
4_3_12.topo,12,3,10,10,10,10,3,12
4_3_13.topo,12,6,4,10,10,4,6,12
4_3_14.topo,12,2,6,4,4,6,2,12
4_3_16.topo,10,5,3,6,6,3,5,10
4_3_17.topo,10,2,6,6,6,6,2,10
4_3_19.topo,10,10,3,12,12,3,10,10
4_3_2.topo,12,10,2,12,12,2,10,12
4_3_21.topo,12,12,4,20,20,4,12,12
4_3_22.topo,12,10,10,12,12,10,10,12
4_3_23.topo,12,10,6,20,20,6,10,12
4_3_24.topo,12,4,4,12,12,4,4,12
4_3_26.topo,10,4,6,12,12,6,4,10
4_3_28.topo,12,2,4,6,6,4,2,12
4_3_29.topo,10,12,6,20,20,6,12,10
4_3_31.topo,10,6,6,10,10,6,6,10
4_3_35.topo,10,3,6,5,5,6,3,10
4_3_37.topo,10,10,6,6,6,6,10,10
4_3_38.topo,10,10,6,6,6,6,10,10
4_3_4.topo,10,6,3,20,20,3,6,10
4_3_40.topo,12,2,12,2,2,12,2,12
4_3_41.topo,10,3,6,5,5,6,3,10
4_3_42.topo,12,2,1,6,6,1,2,12
4_3_43.topo,12,5,1,12,12,1,5,12
4_3_44.topo,12,2,3,10,10,3,2,12
4_3_45.topo,12,6,1,10,10,1,6,12
4_3_46.topo,12,3,1,4,4,1,3,12
4_3_48.topo,10,3,6,4,4,6,3,10
4_3_52.topo,10,6,3,20,20,3,6,10
4_3_54.topo,10,3,1,6,6,1,3,10
4_3_56.topo,12,6,2,5,5,2,6,12
4_3_57.topo,12,2,3,2,2,3,2,12
4_3_59.topo,10,2,3,3,3,3,2,10
4_3_60.topo,12,12,2,10,10,2,12,12
4_3_61.topo,10,6,1,12,12,1,6,10
4_3_62.topo,12,5,3,20,20,3,5,12
4_3_63.topo,10,2,3,12,12,3,2,10
4_3_65.topo,12,1,2,6,6,2,1,12
4_3_67.topo,10,2,6,6,6,6,2,10
4_3_68.topo,12,5,10,6,6,10,5,12
4_3_69.topo,10,5,6,12,12,6,5,10
4_3_7.topo,10,3,3,10,10,3,3,10
4_3_70.topo,10,2,12,12,12,12,2,10
4_3_71.topo,12,6,10,20,20,10,6,12
4_3_73.topo,12,6,10,20,20,10,6,12
4_3_75.topo,10,12,6,20,20,6,12,10
4_3_76.topo,10,12,10,12,12,10,12,10
4_3_77.topo,12,20,12,20,20,12,20,12
4_3_79.topo,10,12,6,5,5,6,12,10
4_3_8.topo,10,12,6,20,20,6,12,10
4_3_80.topo,12,2,6,20,20,6,2,12
4_3_81.topo,10,12,3,10,10,3,12,10
4_4_0.topo,20,6,3,10,10,3,6,20
4_4_1.topo,20,12,6,10,10,6,12,20
4_4_11.topo,20,12,12,20,20,12,12,20
4_4_12.topo,20,5,6,6,6,6,5,20
4_4_13.topo,20,2,12,6,6,12,2,20
4_4_14.topo,20,6,10,12,12,10,6,20
4_4_16.topo,20,4,12,12,12,12,4,20
4_4_18.topo,20,3,12,5,5,12,3,20
4_4_2.topo,20,6,6,4,4,6,6,20
4_4_20.topo,20,3,3,4,4,3,3,20
4_4_21.topo,20,6,1,6,6,1,6,20
4_4_22.topo,20,2,3,6,6,3,2,20
4_4_4.topo,20,3,6,10,10,6,3,20
4_4_7.topo,20,6,6,20,20,6,6,20
4_4_8.topo,20,6,12,10,10,12,6,20
5_0_0.topo,1,9,18,2,2,18,9,1
5_0_1.topo,1,18,18,5,5,18,18,1
5_0_10.topo,1,9,9,1,1,9,9,1
5_0_11.topo,1,24,28,12,12,28,24,1
5_0_12.topo,1,30,9,6,6,9,30,1
5_0_13.topo,1,18,6,3,3,6,18,1
5_0_15.topo,1,12,28,6,6,28,12,1
5_0_16.topo,1,15,9,3,3,9,15,1
5_0_17.topo,1,6,9,6,6,9,6,1
5_0_18.topo,1,9,3,3,3,3,9,1
5_0_2.topo,1,12,56,12,12,56,12,1
5_0_20.topo,1,14,6,6,6,6,14,1
5_0_21.topo,1,10,9,18,18,9,10,1
5_0_22.topo,1,24,14,24,24,14,24,1
5_0_23.topo,1,18,30,15,15,30,18,1
5_0_3.topo,1,15,18,6,6,18,15,1
5_0_4.topo,1,6,18,3,3,18,6,1
5_0_5.topo,1,9,9,5,5,9,9,1
5_0_6.topo,1,14,12,12,12,12,14,1
5_0_7.topo,1,3,9,3,3,9,3,1
5_0_8.topo,1,15,9,15,15,9,15,1
5_1_0.topo,3,15,30,6,6,30,15,3
5_1_1.topo,3,30,30,15,15,30,30,3
5_1_100.topo,6,12,1,28,28,1,12,6
5_1_101.topo,3,3,1,9,9,1,3,3
5_1_103.topo,3,1,3,9,9,3,1,3
5_1_104.topo,6,6,1,14,14,1,6,6
5_1_105.topo,3,6,3,30,30,3,6,3
5_1_106.topo,2,3,3,18,18,3,3,2
5_1_107.topo,3,9,1,15,15,1,9,3
5_1_12.topo,3,15,15,3,3,15,15,3
5_1_13.topo,6,56,38,28,28,38,56,6
5_1_14.topo,3,50,15,18,18,15,50,3
5_1_15.topo,3,30,10,9,9,10,30,3
5_1_17.topo,6,28,38,14,14,38,28,6
5_1_18.topo,3,25,15,9,9,15,25,3
5_1_19.topo,3,18,15,10,10,15,18,3
5_1_2.topo,6,28,76,28,28,76,28,6
5_1_20.topo,2,56,12,24,24,12,56,2
5_1_21.topo,2,18,6,6,6,6,18,2
5_1_23.topo,3,9,15,5,5,15,9,3
5_1_24.topo,2,28,12,12,12,12,28,2
5_1_25.topo,3,30,15,30,30,15,30,3
5_1_26.topo,3,18,10,15,15,10,18,3
5_1_27.topo,2,30,6,18,18,6,30,2
5_1_28.topo,3,15,15,15,15,15,15,3
5_1_29.topo,6,28,19,28,28,19,28,6
5_1_3.topo,3,25,30,18,18,30,25,3
5_1_30.topo,3,30,5,18,18,5,30,3
5_1_31.topo,3,15,5,9,9,5,15,3
5_1_33.topo,6,14,19,14,14,19,14,6
5_1_34.topo,3,15,5,9,9,5,15,3
5_1_35.topo,6,56,19,56,56,19,56,6
5_1_36.topo,3,30,5,18,18,5,30,3
5_1_37.topo,2,18,2,18,18,2,18,2
5_1_38.topo,3,6,6,15,15,6,6,3
5_1_39.topo,3,3,10,18,18,10,3,3
5_1_4.topo,3,10,30,9,9,30,10,3
5_1_40.topo,6,12,4,28,28,4,12,6
5_1_41.topo,3,2,6,9,9,6,2,3
5_1_42.topo,2,9,15,30,30,15,9,2
5_1_43.topo,3,18,6,25,25,6,18,3
5_1_44.topo,2,12,12,28,28,12,12,2
5_1_45.topo,3,9,10,30,30,10,9,3
5_1_46.topo,2,3,15,18,18,15,3,2
5_1_47.topo,3,6,6,15,15,6,6,3
5_1_48.topo,3,3,6,30,30,6,3,3
5_1_5.topo,2,18,18,10,10,18,18,2
5_1_51.topo,6,6,4,56,56,4,6,6
5_1_52.topo,3,1,6,18,18,6,1,3
5_1_54.topo,3,9,6,50,50,6,9,3
5_1_55.topo,2,6,12,56,56,12,6,2
5_1_57.topo,3,3,6,30,30,6,3,3
5_1_58.topo,3,6,5,18,18,5,6,3
5_1_59.topo,6,24,2,28,28,2,24,6
5_1_6.topo,2,28,24,24,24,24,28,2
5_1_60.topo,3,6,2,9,9,2,6,3
5_1_62.topo,3,3,5,9,9,5,3,3
5_1_63.topo,6,12,2,14,14,2,12,6
5_1_64.topo,3,18,5,30,30,5,18,3
5_1_65.topo,2,9,5,18,18,5,9,2
5_1_66.topo,3,18,2,15,15,2,18,3
5_1_67.topo,3,9,5,15,15,5,9,3
5_1_68.topo,6,12,2,56,56,2,12,6
5_1_69.topo,3,3,2,18,18,2,3,3
5_1_7.topo,2,6,18,6,6,18,6,2
5_1_71.topo,6,6,2,28,28,2,6,6
5_1_72.topo,3,9,2,30,30,2,9,3
5_1_73.topo,3,3,6,30,30,6,3,3
5_1_74.topo,3,3,3,15,15,3,3,3
5_1_75.topo,2,1,9,18,18,9,1,2
5_1_76.topo,3,3,3,15,15,3,3,3
5_1_77.topo,3,3,6,6,6,6,3,3
5_1_78.topo,2,9,9,10,10,9,9,2
5_1_79.topo,2,6,28,24,24,28,6,2
5_1_8.topo,2,30,18,30,30,18,30,2
5_1_80.topo,3,9,6,10,10,6,9,3
5_1_81.topo,2,3,9,6,6,9,3,2
5_1_82.topo,3,3,3,15,15,3,3,3
5_1_83.topo,3,1,6,18,18,6,1,3
5_1_84.topo,6,6,2,28,28,2,6,6
5_1_85.topo,3,1,3,9,9,3,1,3
5_1_86.topo,2,3,9,30,30,9,3,2
5_1_87.topo,3,9,3,25,25,3,9,3
5_1_88.topo,2,6,6,28,28,6,6,2
5_1_89.topo,3,6,3,6,6,3,6,3
5_1_9.topo,3,30,15,6,6,15,30,3
5_1_92.topo,3,3,3,3,3,3,3,3
5_1_93.topo,2,12,14,24,24,14,12,2
5_1_94.topo,3,18,3,10,10,3,18,3
5_1_95.topo,2,9,3,6,6,3,9,2
5_1_97.topo,2,6,14,12,12,14,6,2
5_1_98.topo,3,9,3,5,5,3,9,3
5_1_99.topo,3,2,3,18,18,3,2,3
5_2_0.topo,9,5,10,18,18,10,5,9
5_2_1.topo,6,15,15,30,30,15,15,6
5_2_10.topo,6,18,6,50,50,6,18,6
5_2_101.topo,9,15,25,15,15,25,15,9
5_2_102.topo,12,38,28,28,28,28,38,12
5_2_103.topo,6,15,30,15,15,30,15,6
5_2_104.topo,9,6,30,5,5,30,6,9
5_2_105.topo,6,10,18,6,6,18,10,6
5_2_106.topo,5,25,9,9,9,9,25,5
5_2_107.topo,14,38,28,6,6,28,38,14
5_2_108.topo,5,30,6,9,9,6,30,5
5_2_109.topo,5,15,9,3,3,9,15,5
5_2_11.topo,4,12,12,56,56,12,12,4
5_2_111.topo,5,50,9,18,18,9,50,5
5_2_113.topo,6,50,30,18,18,30,50,6
5_2_114.topo,4,56,24,24,24,24,56,4
5_2_115.topo,12,56,38,56,56,38,56,12
5_2_116.topo,9,50,15,30,30,15,50,9
5_2_117.topo,6,30,10,18,18,10,30,6
5_2_118.topo,12,28,38,28,28,38,28,12
5_2_12.topo,9,9,10,50,50,10,9,9
5_2_120.topo,9,10,15,6,6,15,10,9
5_2_121.topo,6,9,10,15,15,10,9,6
5_2_122.topo,9,3,15,5,5,15,3,9
5_2_123.topo,6,6,6,6,6,6,6,6
5_2_124.topo,6,3,3,30,30,3,3,6
5_2_125.topo,9,1,6,30,30,6,1,9
5_2_126.topo,12,6,2,56,56,2,6,12
5_2_127.topo,6,1,3,18,18,3,1,6
5_2_128.topo,6,3,9,50,50,9,3,6
5_2_129.topo,4,6,6,56,56,6,6,4
5_2_13.topo,6,3,15,30,30,15,3,6
5_2_130.topo,6,6,3,15,15,3,6,6
5_2_131.topo,5,18,15,30,30,15,18,5
5_2_132.topo,14,56,12,38,38,12,56,14
5_2_133.topo,5,18,6,15,15,6,18,5
5_2_134.topo,6,9,10,15,15,10,9,6
5_2_135.topo,6,3,15,6,6,15,3,6
5_2_136.topo,9,6,6,5,5,6,6,9
5_2_137.topo,12,6,4,28,28,4,6,12
5_2_138.topo,9,1,6,6,6,6,1,9
5_2_14.topo,6,6,6,30,30,6,6,6
5_2_140.topo,6,18,10,30,30,10,18,6
5_2_141.topo,9,15,6,50,50,6,15,9
5_2_142.topo,12,12,4,56,56,4,12,12
5_2_143.topo,5,6,15,18,18,15,6,5
5_2_145.topo,14,2,12,24,24,12,2,14
5_2_146.topo,5,6,6,9,9,6,6,5
5_2_147.topo,14,2,12,6,6,12,2,14
5_2_149.topo,6,6,3,15,15,3,6,6
5_2_15.topo,9,10,5,18,18,5,10,9
5_2_150.topo,9,9,1,5,5,1,9,9
5_2_151.topo,6,3,3,6,6,3,3,6
5_2_152.topo,5,1,9,9,9,9,1,5
5_2_153.topo,5,1,18,18,18,18,1,5
5_2_154.topo,6,15,30,3,3,30,15,6
5_2_155.topo,5,9,18,10,10,18,9,5
5_2_156.topo,5,18,18,25,25,18,18,5
5_2_157.topo,6,30,30,30,30,30,30,6
5_2_158.topo,6,6,30,6,6,30,6,6
5_2_159.topo,9,50,25,18,18,25,50,9
5_2_161.topo,9,25,25,9,9,25,25,9
5_2_162.topo,12,28,76,14,14,76,28,12
5_2_163.topo,6,25,30,9,9,30,25,6
5_2_164.topo,9,10,30,3,3,30,10,9
5_2_165.topo,9,15,25,3,3,25,15,9
5_2_166.topo,6,9,30,5,5,30,9,6
5_2_167.topo,4,28,24,12,12,24,28,4
5_2_168.topo,6,6,18,2,2,18,6,6
5_2_169.topo,12,12,28,2,2,28,12,12
5_2_170.topo,6,18,10,6,6,10,18,6
5_2_171.topo,9,9,25,5,5,25,9,9
5_2_173.topo,9,18,25,10,10,25,18,9
5_2_175.topo,12,14,38,14,14,38,14,12
5_2_176.topo,6,15,10,9,9,10,15,6
5_2_177.topo,9,5,15,3,3,15,5,9
5_2_178.topo,6,3,25,18,18,25,3,6
5_2_179.topo,9,6,10,15,15,10,6,9
5_2_18.topo,9,5,5,9,9,5,5,9
5_2_180.topo,12,2,28,12,12,28,2,12
5_2_181.topo,6,5,9,6,6,9,5,6
5_2_182.topo,5,2,18,9,9,18,2,5
5_2_183.topo,9,1,10,18,18,10,1,9
5_2_186.topo,6,2,3,9,9,3,2,6
5_2_188.topo,4,12,6,28,28,6,12,4
5_2_19.topo,12,28,19,56,56,19,28,12
5_2_190.topo,6,3,10,9,9,10,3,6
5_2_191.topo,12,12,4,14,14,4,12,12
5_2_192.topo,9,2,6,3,3,6,2,9
5_2_193.topo,5,3,15,9,9,15,3,5
5_2_194.topo,14,1,12,12,12,12,1,14
5_2_195.topo,5,3,6,18,18,6,3,5
5_2_196.topo,6,3,3,6,6,3,3,6
5_2_197.topo,9,9,1,5,5,1,9,9
5_2_198.topo,9,10,50,9,9,50,10,9
5_2_199.topo,9,2,10,9,9,10,2,9
5_2_2.topo,12,14,38,56,56,38,14,12
5_2_20.topo,9,30,5,30,30,5,30,9
5_2_200.topo,5,3,30,18,18,30,3,5
5_2_201.topo,14,1,24,24,24,24,1,14
5_2_202.topo,4,12,14,12,12,14,12,4
5_2_203.topo,6,18,3,5,5,3,18,6
5_2_204.topo,6,9,3,2,2,3,9,6
5_2_205.topo,12,12,1,14,14,1,12,12
5_2_206.topo,9,3,1,3,3,1,3,9
5_2_207.topo,9,15,1,15,15,1,15,9
5_2_208.topo,9,2,1,18,18,1,2,9
5_2_21.topo,6,15,5,18,18,5,15,6
5_2_210.topo,9,1,1,9,9,1,1,9
5_2_211.topo,12,14,6,2,2,6,14,12
5_2_212.topo,6,9,1,6,6,1,9,6
5_2_213.topo,9,3,1,3,3,1,3,9
5_2_214.topo,5,3,9,3,3,9,3,5
5_2_215.topo,14,1,6,6,6,6,1,14
5_2_23.topo,12,14,19,28,28,19,14,12
5_2_24.topo,9,15,5,15,15,5,15,9
5_2_25.topo,9,6,5,30,30,5,6,9
5_2_26.topo,12,24,2,56,56,2,24,12
5_2_27.topo,6,6,2,18,18,2,6,6
5_2_29.topo,9,3,5,15,15,5,3,9
5_2_3.topo,9,15,10,30,30,10,15,9
5_2_30.topo,12,12,2,28,28,2,12,12
5_2_31.topo,9,18,5,50,50,5,18,9
5_2_32.topo,6,9,5,30,30,5,9,6
5_2_33.topo,6,18,2,30,30,2,18,6
5_2_34.topo,9,9,5,25,25,5,9,9
5_2_35.topo,14,12,14,38,38,14,12,14
5_2_36.topo,5,18,3,30,30,3,18,5
5_2_37.topo,5,9,3,15,15,3,9,5
5_2_39.topo,14,6,14,19,19,14,6,14
5_2_4.topo,6,5,15,18,18,15,5,6
5_2_40.topo,5,9,3,15,15,3,9,5
5_2_41.topo,14,24,14,76,76,14,24,14
5_2_43.topo,5,18,3,30,30,3,18,5
5_2_44.topo,14,12,14,38,38,14,12,14
5_2_45.topo,9,30,15,50,50,15,30,9
5_2_46.topo,6,18,10,30,30,10,18,6
5_2_47.topo,6,30,6,30,30,6,30,6
5_2_48.topo,9,15,15,25,25,15,15,9
5_2_49.topo,9,6,15,10,10,15,6,9
5_2_5.topo,6,6,6,30,30,6,6,6
5_2_50.topo,9,10,2,9,9,2,10,9
5_2_51.topo,6,6,5,9,9,5,6,6
5_2_52.topo,12,24,2,14,14,2,24,12
5_2_53.topo,9,6,2,3,3,2,6,9
5_2_54.topo,6,15,5,18,18,5,15,6
5_2_55.topo,9,30,2,15,15,2,30,9
5_2_56.topo,12,28,2,12,12,2,28,12
5_2_57.topo,9,18,2,5,5,2,18,9
5_2_6.topo,9,3,10,30,30,10,3,9
5_2_60.topo,9,2,3,30,30,3,2,9
5_2_61.topo,12,12,1,56,56,1,12,12
5_2_62.topo,6,3,1,18,18,1,3,6
5_2_64.topo,9,1,3,15,15,3,1,9
5_2_65.topo,12,6,1,28,28,1,6,12
5_2_66.topo,9,6,3,50,50,3,6,9
5_2_67.topo,6,3,3,30,30,3,3,6
5_2_68.topo,6,9,1,30,30,1,9,6
5_2_69.topo,9,3,3,25,25,3,3,9
5_2_7.topo,12,12,4,56,56,4,12,12
5_2_70.topo,14,28,12,76,76,12,28,14
5_2_71.topo,5,9,6,30,30,6,9,5
5_2_73.topo,9,3,6,10,10,6,3,9
5_2_74.topo,9,15,3,5,5,3,15,9
5_2_75.topo,6,18,1,15,15,1,18,6
5_2_76.topo,12,12,1,14,14,1,12,12
5_2_77.topo,6,15,3,6,6,3,15,6
5_2_78.topo,9,5,3,3,3,3,5,9
5_2_79.topo,6,6,1,9,9,1,6,6
5_2_8.topo,6,2,6,18,18,6,2,6
5_2_80.topo,9,30,3,10,10,3,30,9
5_2_82.topo,12,24,1,28,28,1,24,12
5_2_83.topo,9,30,6,25,25,6,30,9
5_2_84.topo,12,24,4,28,28,4,24,12
5_2_86.topo,14,4,12,12,12,12,4,14
5_2_87.topo,5,18,9,10,10,9,18,5
5_2_9.topo,6,9,15,50,50,15,9,6
5_2_90.topo,5,9,9,5,5,9,9,5
5_2_91.topo,14,24,28,38,38,28,24,14
5_2_92.topo,5,30,9,30,30,9,30,5
5_2_93.topo,5,18,6,15,15,6,18,5
5_2_95.topo,14,12,28,19,19,28,12,14
5_2_96.topo,5,15,9,15,15,9,15,5
5_2_97.topo,9,30,25,30,30,25,30,9
5_2_98.topo,12,76,28,56,56,28,76,12
5_2_99.topo,6,30,10,18,18,10,30,6
5_3_0.topo,18,10,5,9,9,5,10,18
5_3_1.topo,18,25,5,18,18,5,25,18
5_3_100.topo,15,5,15,9,9,15,5,15
5_3_101.topo,18,3,10,15,15,10,3,18
5_3_102.topo,24,12,4,28,28,4,12,24
5_3_103.topo,18,2,6,6,6,6,2,18
5_3_104.topo,28,2,12,12,12,12,2,28
5_3_105.topo,10,6,6,18,18,6,6,10
5_3_106.topo,18,18,10,50,50,10,18,18
5_3_107.topo,24,28,38,56,56,38,28,24
5_3_108.topo,18,15,15,50,50,15,15,18
5_3_109.topo,18,6,10,30,30,10,6,18
5_3_111.topo,15,6,15,30,30,15,6,15
5_3_113.topo,28,6,28,19,19,28,6,28
5_3_114.topo,10,9,6,15,15,6,9,10
5_3_115.topo,15,3,9,5,5,9,3,15
5_3_117.topo,19,14,6,14,14,6,14,19
5_3_118.topo,15,3,9,5,5,9,3,15
5_3_119.topo,19,56,6,56,56,6,56,19
5_3_12.topo,15,3,3,15,15,3,3,15
5_3_120.topo,10,9,6,15,15,6,9,10
5_3_121.topo,15,50,9,30,30,9,50,15
5_3_122.topo,10,30,6,18,18,6,30,10
5_3_123.topo,10,18,10,18,18,10,18,10
5_3_124.topo,15,30,6,15,15,6,30,15
5_3_125.topo,10,18,15,15,15,15,18,10
5_3_126.topo,28,56,12,19,19,12,56,28
5_3_127.topo,15,18,6,5,5,6,18,15
5_3_128.topo,10,9,15,6,6,15,9,10
5_3_129.topo,15,18,6,5,5,6,18,15
5_3_13.topo,28,12,14,76,76,14,12,28
5_3_130.topo,28,12,12,2,2,12,12,28
5_3_131.topo,15,6,6,3,3,6,6,15
5_3_134.topo,18,1,6,15,15,6,1,18
5_3_135.topo,24,6,2,28,28,2,6,24
5_3_136.topo,18,1,3,6,6,3,1,18
5_3_138.topo,15,3,1,9,9,1,3,15
5_3_139.topo,28,1,6,12,12,6,1,28
5_3_14.topo,15,18,3,50,50,3,18,15
5_3_140.topo,15,18,1,30,30,1,18,15
5_3_141.topo,10,9,1,18,18,1,9,10
5_3_142.topo,10,3,3,18,18,3,3,10
5_3_143.topo,28,56,6,38,38,6,56,28
5_3_144.topo,10,18,3,15,15,3,18,10
5_3_146.topo,15,5,9,3,3,9,5,15
5_3_147.topo,10,6,3,9,9,3,6,10
5_3_148.topo,28,2,6,6,6,6,2,28
5_3_149.topo,18,2,3,3,3,3,2,18
5_3_15.topo,10,9,3,30,30,3,9,10
5_3_150.topo,24,12,2,14,14,2,12,24
5_3_151.topo,18,15,3,50,50,3,15,18
5_3_152.topo,24,12,2,56,56,2,12,24
5_3_154.topo,15,3,30,30,30,30,3,15
5_3_155.topo,15,15,30,30,30,30,15,15
5_3_156.topo,18,5,25,18,18,25,5,18
5_3_157.topo,28,19,28,24,24,28,19,28
5_3_158.topo,15,5,30,18,18,30,5,15
5_3_159.topo,18,15,25,30,30,25,15,18
5_3_160.topo,18,2,10,18,18,10,2,18
5_3_161.topo,15,5,6,18,18,6,5,15
5_3_162.topo,28,2,24,24,24,24,2,28
5_3_163.topo,18,6,10,30,30,10,6,18
5_3_164.topo,10,15,9,30,30,9,15,10
5_3_165.topo,10,6,18,30,30,18,6,10
5_3_166.topo,24,28,28,76,76,28,28,24
5_3_167.topo,18,9,25,50,50,25,9,18
5_3_168.topo,18,18,10,50,50,10,18,18
5_3_17.topo,28,6,14,38,38,14,6,28
5_3_170.topo,28,12,28,38,38,28,12,28
5_3_171.topo,28,12,28,38,38,28,12,28
5_3_173.topo,28,24,28,76,76,28,24,28
5_3_174.topo,15,18,25,30,30,25,18,15
5_3_175.topo,18,30,30,50,50,30,30,18
5_3_176.topo,18,50,18,50,50,18,50,18
5_3_177.topo,18,30,30,50,50,30,30,18
5_3_178.topo,15,18,25,30,30,25,18,15
5_3_18.topo,15,9,3,25,25,3,9,15
5_3_180.topo,18,2,6,30,30,6,2,18
5_3_181.topo,15,2,9,30,30,9,2,15
5_3_182.topo,18,5,9,50,50,9,5,18
5_3_183.topo,18,6,6,50,50,6,6,18
5_3_184.topo,19,12,28,56,56,28,12,19
5_3_185.topo,15,15,18,50,50,18,15,15
5_3_187.topo,15,9,10,30,30,10,9,15
5_3_188.topo,18,5,9,2,2,9,5,18
5_3_189.topo,15,15,9,5,5,9,15,15
5_3_19.topo,15,18,15,50,50,15,18,15
5_3_190.topo,18,15,6,5,5,6,15,18
5_3_192.topo,15,18,10,15,15,10,18,15
5_3_193.topo,28,56,24,38,38,24,56,28
5_3_194.topo,19,24,28,28,28,28,24,19
5_3_196.topo,19,28,12,14,14,12,28,19
5_3_198.topo,15,25,15,9,9,15,25,15
5_3_199.topo,10,25,18,9,9,18,25,10
5_3_2.topo,24,28,19,28,28,19,28,24
5_3_20.topo,28,56,12,76,76,12,56,28
5_3_200.topo,15,10,18,3,3,18,10,15
5_3_201.topo,15,15,15,3,3,15,15,15
5_3_202.topo,10,9,18,5,5,18,9,10
5_3_203.topo,18,5,30,3,3,30,5,18
5_3_204.topo,18,2,18,2,2,18,2,18
5_3_205.topo,10,2,9,9,9,9,2,10
5_3_206.topo,15,2,18,3,3,18,2,15
5_3_208.topo,28,1,24,12,12,24,1,28
5_3_209.topo,15,3,3,3,3,3,3,15
5_3_21.topo,10,18,6,30,30,6,18,10
5_3_210.topo,18,9,1,2,2,1,9,18
5_3_211.topo,10,30,18,30,30,18,30,10
5_3_212.topo,24,76,56,56,56,56,76,24
5_3_213.topo,24,14,76,14,14,76,14,24
5_3_214.topo,18,1,5,18,18,5,1,18
5_3_215.topo,10,9,3,30,30,3,9,10
5_3_23.topo,15,9,15,25,25,15,9,15
5_3_24.topo,28,28,12,38,38,12,28,28
5_3_25.topo,18,9,10,25,25,10,9,18
5_3_26.topo,18,3,15,10,10,15,3,18
5_3_27.topo,18,6,6,10,10,6,6,18
5_3_28.topo,15,15,3,15,15,3,15,15
5_3_29.topo,28,19,14,12,12,14,19,28
5_3_3.topo,18,30,5,15,15,5,30,18
5_3_30.topo,10,15,3,18,18,3,15,10
5_3_31.topo,15,5,3,9,9,3,5,15
5_3_33.topo,15,30,3,30,30,3,30,15
5_3_35.topo,28,38,14,24,24,14,38,28
5_3_37.topo,15,10,3,18,18,3,10,15
5_3_38.topo,18,30,10,30,30,10,30,18
5_3_39.topo,18,30,6,50,50,6,30,18
5_3_4.topo,18,15,5,6,6,5,15,18
5_3_40.topo,24,24,4,56,56,4,24,24
5_3_41.topo,18,25,15,30,30,15,25,18
5_3_42.topo,18,10,10,18,18,10,10,18
5_3_43.topo,18,10,6,30,30,6,10,18
5_3_44.topo,15,10,15,18,18,15,10,15
5_3_46.topo,28,4,12,24,24,12,4,28
5_3_47.topo,28,24,28,76,76,28,24,28
5_3_48.topo,15,30,9,50,50,9,30,15
5_3_49.topo,10,18,6,30,30,6,18,10
5_3_5.topo,18,10,2,18,18,2,10,18
5_3_50.topo,28,12,28,38,38,28,12,28
5_3_52.topo,15,6,9,10,10,9,6,15
5_3_53.topo,19,28,6,28,28,6,28,19
5_3_54.topo,15,25,9,15,15,9,25,15
5_3_55.topo,15,10,9,6,6,9,10,15
5_3_56.topo,18,5,1,18,18,1,5,18
5_3_57.topo,18,2,3,15,15,3,2,18
5_3_58.topo,24,12,1,28,28,1,12,24
5_3_59.topo,18,3,1,6,6,1,3,18
5_3_6.topo,24,24,2,28,28,2,24,24
5_3_60.topo,18,5,3,30,30,3,5,18
5_3_61.topo,18,15,1,30,30,1,15,18
5_3_62.topo,24,14,1,24,24,1,14,24
5_3_63.topo,18,6,3,25,25,3,6,18
5_3_64.topo,18,3,3,10,10,3,3,18
5_3_65.topo,18,9,1,10,10,1,9,18
5_3_66.topo,15,15,6,30,30,6,15,15
5_3_69.topo,15,9,6,10,10,6,9,15
5_3_7.topo,18,6,2,6,6,2,6,18
5_3_70.topo,28,6,12,4,4,12,6,28
5_3_72.topo,15,6,9,50,50,9,6,15
5_3_73.topo,28,28,6,76,76,6,28,28
5_3_74.topo,10,9,3,30,30,3,9,10
5_3_75.topo,15,9,1,15,15,1,9,15
5_3_76.topo,28,28,6,19,19,6,28,28
5_3_77.topo,18,6,3,5,5,3,6,18
5_3_78.topo,18,30,6,10,10,6,30,18
5_3_79.topo,18,30,3,25,25,3,30,18
5_3_8.topo,18,30,2,30,30,2,30,18
5_3_80.topo,24,24,2,28,28,2,24,24
5_3_81.topo,15,6,1,18,18,1,6,15
5_3_82.topo,18,5,3,30,30,3,5,18
5_3_83.topo,28,2,6,24,24,6,2,28
5_3_84.topo,15,3,15,15,15,15,3,15
5_3_85.topo,15,3,6,6,6,6,3,15
5_3_86.topo,18,5,10,9,9,10,5,18
5_3_87.topo,15,3,6,30,30,6,3,15
5_3_88.topo,10,9,9,50,50,9,9,10
5_3_89.topo,10,18,18,50,50,18,18,10
5_3_9.topo,15,6,3,30,30,3,6,15
5_3_90.topo,15,15,6,30,30,6,15,15
5_3_91.topo,10,5,9,18,18,9,5,10
5_3_92.topo,10,2,18,18,18,18,2,10
5_3_93.topo,15,30,15,30,30,15,30,15
5_3_96.topo,15,15,15,15,15,15,15,15
5_3_97.topo,24,14,38,28,28,38,14,24
5_3_98.topo,18,15,10,15,15,10,15,18
5_3_99.topo,18,5,15,6,6,15,5,18
5_4_0.topo,30,6,3,15,15,3,6,30
5_4_1.topo,30,15,3,30,30,3,15,30
5_4_10.topo,30,18,6,10,10,6,18,30
5_4_100.topo,38,12,14,56,56,14,12,38
5_4_101.topo,30,15,9,50,50,9,15,30
5_4_102.topo,30,18,2,30,30,2,18,30
5_4_103.topo,56,56,12,38,38,12,56,56
5_4_104.topo,30,18,5,15,15,5,18,30
5_4_105.topo,30,6,30,30,30,30,6,30
5_4_106.topo,25,5,18,18,18,18,5,25
5_4_107.topo,30,15,30,15,15,30,15,30
5_4_11.topo,56,12,12,4,4,12,12,56
5_4_12.topo,30,6,6,6,6,6,6,30
5_4_13.topo,25,18,9,50,50,9,18,25
5_4_15.topo,25,9,9,25,25,9,9,25
5_4_16.topo,56,6,28,38,38,28,6,56
5_4_17.topo,30,9,6,25,25,6,9,30
5_4_18.topo,30,3,9,10,10,9,3,30
5_4_2.topo,56,12,14,38,38,14,12,56
5_4_20.topo,38,14,6,28,28,6,14,38
5_4_21.topo,25,3,9,15,15,9,3,25
5_4_22.topo,30,9,30,25,25,30,9,30
5_4_23.topo,56,28,24,38,38,24,28,56
5_4_24.topo,30,6,18,10,10,18,6,30
5_4_26.topo,25,15,9,15,15,9,15,25
5_4_27.topo,38,12,28,28,28,28,12,38
5_4_28.topo,30,15,6,15,15,6,15,30
5_4_29.topo,30,5,9,6,6,9,5,30
5_4_3.topo,30,18,3,25,25,3,18,30
5_4_30.topo,30,2,18,6,6,18,2,30
5_4_31.topo,25,5,9,9,9,9,5,25
5_4_32.topo,30,30,6,30,30,6,30,30
5_4_34.topo,25,10,9,18,18,9,10,25
5_4_36.topo,38,28,6,56,56,6,28,38
5_4_38.topo,30,5,6,9,9,6,5,30
5_4_39.topo,30,10,30,18,18,30,10,30
5_4_4.topo,30,9,3,10,10,3,9,30
5_4_40.topo,56,4,24,24,24,24,4,56
5_4_41.topo,30,15,9,50,50,9,15,30
5_4_42.topo,30,6,6,30,30,6,6,30
5_4_43.topo,30,6,10,18,18,10,6,30
5_4_44.topo,25,6,9,30,30,9,6,25
5_4_46.topo,56,2,24,12,12,24,2,56
5_4_47.topo,30,3,6,15,15,6,3,30
5_4_49.topo,38,28,12,28,28,12,28,38
5_4_5.topo,30,30,6,30,30,6,30,30
5_4_51.topo,30,3,18,5,5,18,3,30
5_4_52.topo,38,14,12,14,14,12,14,38
5_4_53.topo,30,25,18,15,15,18,25,30
5_4_54.topo,25,15,15,9,9,15,15,25
5_4_55.topo,30,5,18,3,3,18,5,30
5_4_56.topo,30,15,3,30,30,3,15,30
5_4_57.topo,30,3,9,10,10,9,3,30
5_4_58.topo,56,6,6,4,4,6,6,56
5_4_59.topo,30,18,1,15,15,1,18,30
5_4_6.topo,30,18,15,25,25,15,18,30
5_4_60.topo,30,9,1,6,6,1,9,30
5_4_61.topo,30,3,3,6,6,3,3,30
5_4_62.topo,56,56,6,19,19,6,56,56
5_4_63.topo,30,18,3,5,5,3,18,30
5_4_64.topo,56,12,6,2,2,6,12,56
5_4_66.topo,30,6,3,3,3,3,6,30
5_4_68.topo,30,9,2,15,15,2,9,30
5_4_69.topo,25,3,3,9,9,3,3,25
5_4_7.topo,56,56,12,38,38,12,56,56
5_4_70.topo,56,28,12,19,19,12,28,56
5_4_71.topo,30,2,9,3,3,9,2,30
5_4_72.topo,30,15,3,30,30,3,15,30
5_4_73.topo,25,6,3,18,18,3,6,25
5_4_74.topo,30,5,9,30,30,9,5,30
5_4_75.topo,56,1,12,12,12,12,1,56
5_4_76.topo,30,6,15,15,15,15,6,30
5_4_77.topo,30,30,15,15,15,15,30,30
5_4_78.topo,56,12,28,76,76,28,12,56
5_4_79.topo,30,18,6,50,50,6,18,30
5_4_8.topo,30,18,6,10,10,6,18,30
5_4_80.topo,25,30,9,30,30,9,30,25
5_4_81.topo,38,24,28,56,56,28,24,38
5_4_82.topo,30,30,18,50,50,18,30,30
5_4_83.topo,30,18,30,50,50,30,18,30
5_4_84.topo,56,56,24,76,76,24,56,56
5_4_85.topo,30,9,25,30,30,25,9,30
5_4_86.topo,30,18,10,30,30,10,18,30
5_4_88.topo,30,30,30,30,30,30,30,30
5_4_9.topo,30,9,15,10,10,15,9,30
5_4_90.topo,38,56,12,56,56,12,56,38
5_4_91.topo,25,18,15,30,30,15,18,25
5_4_92.topo,30,30,18,50,50,18,30,30
5_4_94.topo,25,18,15,30,30,15,18,25
5_4_95.topo,30,5,9,30,30,9,5,30
5_4_96.topo,30,15,3,30,30,3,15,30
5_4_98.topo,38,14,28,24,24,28,14,38
5_4_99.topo,25,18,3,30,30,3,18,25
5_5_0.topo,50,18,9,25,25,9,18,50
5_5_1.topo,50,9,9,10,10,9,9,50
5_5_10.topo,50,18,18,50,50,18,18,50
5_5_11.topo,76,14,12,28,28,12,14,76
5_5_12.topo,50,3,18,15,15,18,3,50
5_5_13.topo,50,9,15,30,30,15,9,50
5_5_15.topo,76,28,12,56,56,12,28,76
5_5_16.topo,50,6,18,30,30,18,6,50
5_5_17.topo,50,15,18,15,15,18,15,50
5_5_18.topo,50,18,30,30,30,30,18,50
5_5_2.topo,76,28,6,28,28,6,28,76
5_5_20.topo,76,24,56,56,56,56,24,76
5_5_21.topo,50,5,18,9,9,18,5,50
5_5_22.topo,76,14,24,14,14,24,14,76
5_5_23.topo,50,9,3,6,6,3,9,50
5_5_3.topo,50,6,9,15,15,9,6,50
5_5_4.topo,50,15,9,30,30,9,15,50
5_5_5.topo,50,18,18,10,10,18,18,50
5_5_6.topo,76,24,28,28,28,28,24,76
5_5_7.topo,50,30,18,30,30,18,30,50
5_5_8.topo,50,6,18,6,6,18,6,50
6_0_0.topo,1,27,27,5,5,27,27,1
6_0_1.topo,1,18,84,12,12,84,18,1
6_0_11.topo,1,18,42,6,6,42,18,1
6_0_12.topo,1,60,42,36,36,42,60,1
6_0_13.topo,1,36,28,18,18,28,36,1
6_0_14.topo,1,45,9,9,9,9,45,1
6_0_15.topo,1,9,9,9,9,9,9,1
6_0_16.topo,1,45,45,45,45,45,45,1
6_0_2.topo,1,42,36,12,12,36,42,1
6_0_3.topo,1,9,27,3,3,27,9,1
6_0_4.topo,1,36,84,30,30,84,36,1
6_0_5.topo,1,45,27,15,15,27,45,1
6_0_6.topo,1,36,36,14,14,36,36,1
6_0_7.topo,1,15,27,9,9,27,15,1
6_0_8.topo,1,42,18,30,30,18,42,1
6_0_9.topo,1,18,18,14,14,18,18,1
6_1_0.topo,3,45,45,15,15,45,45,3
6_1_1.topo,6,42,114,28,28,114,42,6
6_1_10.topo,6,84,57,28,28,57,84,6
6_1_11.topo,3,140,30,36,36,30,140,3
6_1_12.topo,3,45,15,9,9,15,45,3
6_1_14.topo,6,42,57,14,14,57,42,6
6_1_15.topo,3,70,30,18,18,30,70,3
6_1_16.topo,6,140,57,84,84,57,140,6
6_1_17.topo,6,84,38,42,42,38,84,6
6_1_18.topo,3,75,15,27,27,15,75,3
6_1_19.topo,6,70,57,42,42,57,70,6
6_1_2.topo,3,70,60,36,36,60,70,3
6_1_20.topo,3,84,30,60,60,30,84,3
6_1_21.topo,3,27,15,15,15,15,27,3
6_1_22.topo,2,84,12,36,36,12,84,2
6_1_23.topo,3,42,30,30,30,30,42,3
6_1_24.topo,3,45,15,45,45,15,45,3
6_1_25.topo,6,84,19,84,84,19,84,6
6_1_26.topo,6,42,19,42,42,19,42,6
6_1_27.topo,3,45,5,27,27,5,45,3
6_1_28.topo,3,9,15,45,45,15,9,3
6_1_29.topo,6,36,6,70,70,6,36,6
6_1_3.topo,3,15,45,9,9,45,15,3
6_1_30.topo,3,12,12,42,42,12,12,3
6_1_31.topo,6,18,10,84,84,10,18,6
6_1_32.topo,3,3,15,27,27,15,3,3
6_1_33.topo,6,12,6,42,42,6,12,6
6_1_34.topo,3,27,15,75,75,15,27,3
6_1_35.topo,2,18,30,84,84,30,18,2
6_1_36.topo,3,36,12,70,70,12,36,3
6_1_37.topo,3,9,15,45,45,15,9,3
6_1_38.topo,6,18,6,140,140,6,18,6
6_1_39.topo,3,6,12,84,84,12,6,3
6_1_4.topo,6,84,114,70,70,114,84,6
6_1_41.topo,6,6,6,84,84,6,6,6
6_1_42.topo,3,18,12,140,140,12,18,3
6_1_43.topo,6,36,5,84,84,5,36,6
6_1_44.topo,3,9,5,27,27,5,9,3
6_1_45.topo,6,36,2,42,42,2,36,6
6_1_46.topo,6,18,5,42,42,5,18,6
6_1_47.topo,3,27,5,45,45,5,27,3
6_1_48.topo,6,18,2,84,84,2,18,6
6_1_49.topo,3,3,9,45,45,9,3,3
6_1_5.topo,3,75,45,45,45,45,75,3
6_1_50.topo,3,9,9,15,15,9,9,3
6_1_51.topo,3,6,28,36,36,28,6,3
6_1_52.topo,6,18,6,28,28,6,18,6
6_1_53.topo,3,3,9,9,9,9,3,3
6_1_54.topo,2,18,42,60,60,42,18,2
6_1_55.topo,3,27,9,25,25,9,27,3
6_1_56.topo,2,18,18,28,28,18,18,2
6_1_57.topo,3,18,28,60,60,28,18,3
6_1_58.topo,2,6,42,36,36,42,6,2
6_1_59.topo,3,9,9,15,15,9,9,3
6_1_6.topo,3,60,60,42,42,60,60,3
6_1_60.topo,3,3,9,45,45,9,3,3
6_1_61.topo,6,18,3,70,70,3,18,6
6_1_62.topo,3,6,6,42,42,6,6,3
6_1_63.topo,6,6,6,84,84,6,6,6
6_1_64.topo,3,1,9,27,27,9,1,3
6_1_65.topo,6,6,3,42,42,3,6,6
6_1_66.topo,3,9,9,75,75,9,9,3
6_1_67.topo,2,6,18,84,84,18,6,2
6_1_68.topo,3,18,6,70,70,6,18,3
6_1_69.topo,3,12,14,36,36,14,12,3
6_1_7.topo,3,25,45,27,27,45,25,3
6_1_70.topo,6,36,3,28,28,3,36,6
6_1_71.topo,3,9,3,9,9,3,9,3
6_1_73.topo,3,6,14,18,18,14,6,3
6_1_74.topo,6,18,3,14,14,3,18,6
6_1_75.topo,3,36,14,60,60,14,36,3
6_1_76.topo,2,18,14,36,36,14,18,2
6_1_77.topo,3,27,3,15,15,3,27,3
6_1_78.topo,3,18,14,30,30,14,18,3
6_1_79.topo,6,12,3,84,84,3,12,6
6_1_8.topo,2,84,36,60,60,36,84,2
6_1_80.topo,3,3,3,27,27,3,3,3
6_1_81.topo,6,18,1,42,42,1,18,6
6_1_82.topo,6,6,3,42,42,3,6,6
6_1_83.topo,3,9,3,45,45,3,9,3
6_1_9.topo,2,36,36,28,28,36,36,2
6_2_0.topo,9,15,15,45,45,15,15,9
6_2_1.topo,18,14,38,84,84,38,14,18
6_2_10.topo,9,9,15,75,75,15,9,9
6_2_100.topo,6,6,18,140,140,18,6,6
6_2_101.topo,14,84,30,114,114,30,84,14
6_2_102.topo,5,27,15,45,45,15,27,5
6_2_103.topo,14,84,12,57,57,12,84,14
6_2_104.topo,9,9,15,15,15,15,9,9
6_2_105.topo,18,6,6,28,28,6,6,18
6_2_106.topo,9,45,15,75,75,15,45,9
6_2_107.topo,12,36,10,84,84,10,36,12
6_2_108.topo,18,30,6,140,140,6,30,18
6_2_109.topo,14,6,30,36,36,30,6,14
6_2_11.topo,12,36,6,140,140,6,36,12
6_2_110.topo,14,6,12,18,18,12,6,14
6_2_111.topo,9,9,3,15,15,3,9,9
6_2_112.topo,5,27,27,25,25,27,27,5
6_2_113.topo,14,18,84,38,38,84,18,14
6_2_114.topo,5,42,36,60,60,36,42,5
6_2_115.topo,5,9,27,15,15,27,9,5
6_2_116.topo,14,36,84,95,95,84,36,14
6_2_117.topo,5,45,27,75,75,27,45,5
6_2_118.topo,5,36,36,70,70,36,36,5
6_2_119.topo,9,45,75,75,75,75,45,9
6_2_12.topo,6,12,12,84,84,12,12,6
6_2_120.topo,12,114,84,140,140,84,114,12
6_2_121.topo,6,60,60,84,84,60,60,6
6_2_122.topo,18,140,95,84,84,95,140,18
6_2_123.topo,18,190,70,84,84,70,190,18
6_2_124.topo,9,75,25,27,27,25,75,9
6_2_126.topo,18,70,95,42,42,95,70,18
6_2_127.topo,12,70,114,42,42,114,70,12
6_2_128.topo,18,28,114,14,14,114,28,18
6_2_129.topo,9,25,45,9,9,45,25,9
6_2_13.topo,18,18,10,140,140,10,18,18
6_2_130.topo,6,42,60,30,30,60,42,6
6_2_131.topo,9,9,45,5,5,45,9,9
6_2_132.topo,6,28,36,12,12,36,28,6
6_2_133.topo,18,84,95,28,28,95,84,18
6_2_135.topo,18,36,70,10,10,70,36,18
6_2_136.topo,9,45,25,9,9,25,45,9
6_2_137.topo,18,30,70,3,3,70,30,18
6_2_138.topo,12,36,28,6,6,28,36,12
6_2_139.topo,12,42,38,42,42,38,42,12
6_2_14.topo,9,3,15,45,45,15,3,9
6_2_140.topo,18,14,57,14,14,57,14,18
6_2_141.topo,9,15,15,9,9,15,15,9
6_2_142.topo,9,9,25,45,45,25,9,9
6_2_143.topo,12,3,70,36,36,70,3,12
6_2_144.topo,18,6,28,30,30,28,6,18
6_2_145.topo,9,15,9,15,15,9,15,9
6_2_146.topo,18,6,10,84,84,10,6,18
6_2_147.topo,18,1,28,36,36,28,1,18
6_2_149.topo,12,12,3,42,42,3,12,12
6_2_15.topo,12,12,6,84,84,6,12,12
6_2_150.topo,6,36,6,70,70,6,36,6
6_2_151.topo,12,18,10,42,42,10,18,12
6_2_152.topo,9,3,15,9,9,15,3,9
6_2_153.topo,18,12,6,14,14,6,12,18
6_2_154.topo,5,9,15,27,27,15,9,5
6_2_155.topo,14,3,30,18,18,30,3,14
6_2_156.topo,14,3,12,36,36,12,3,14
6_2_157.topo,5,1,27,27,27,27,1,5
6_2_158.topo,9,75,75,45,45,75,75,9
6_2_159.topo,18,28,190,42,42,190,28,18
6_2_16.topo,9,27,15,125,125,15,27,9
6_2_160.topo,9,25,75,27,27,75,25,9
6_2_161.topo,18,10,140,18,18,140,10,18
6_2_162.topo,9,15,75,9,9,75,15,9
6_2_163.topo,6,28,60,36,36,60,28,6
6_2_164.topo,12,6,84,12,12,84,6,12
6_2_165.topo,9,9,75,15,15,75,9,9
6_2_166.topo,12,42,114,14,14,114,42,12
6_2_167.topo,6,70,60,18,18,60,70,6
6_2_168.topo,9,15,45,3,3,45,15,9
6_2_169.topo,18,42,95,14,14,95,42,18
6_2_17.topo,6,18,30,140,140,30,18,6
6_2_170.topo,18,18,70,5,5,70,18,18
6_2_171.topo,9,27,25,15,15,25,27,9
6_2_172.topo,9,3,25,27,27,25,3,9
6_2_173.topo,18,12,10,42,42,10,12,18
6_2_174.topo,18,2,28,18,18,28,2,18
6_2_175.topo,9,5,9,9,9,9,5,9
6_2_176.topo,14,2,36,18,18,36,2,14
6_2_177.topo,6,30,18,28,28,18,30,6
6_2_178.topo,5,12,36,42,42,36,12,5
6_2_179.topo,5,3,45,27,27,45,3,5
6_2_18.topo,6,36,12,140,140,12,36,6
6_2_180.topo,6,12,6,42,42,6,12,6
6_2_182.topo,14,1,36,36,36,36,1,14
6_2_183.topo,5,6,36,84,84,36,6,5
6_2_184.topo,9,9,3,15,15,3,9,9
6_2_185.topo,14,3,60,36,36,60,3,14
6_2_186.topo,5,9,45,45,45,45,9,5
6_2_187.topo,6,12,14,18,18,14,12,6
6_2_188.topo,12,36,3,14,14,3,36,12
6_2_189.topo,9,9,3,3,3,3,9,9
6_2_19.topo,9,9,15,75,75,15,9,9
6_2_190.topo,6,30,14,36,36,14,30,6
6_2_191.topo,9,45,3,15,15,3,45,9
6_2_192.topo,12,42,3,12,12,3,42,12
6_2_193.topo,9,27,3,5,5,3,27,9
6_2_194.topo,18,30,1,42,42,1,30,18
6_2_195.topo,18,14,1,18,18,1,14,18
6_2_196.topo,18,2,6,84,84,6,2,18
6_2_197.topo,18,12,1,84,84,1,12,18
6_2_198.topo,9,3,1,27,27,1,3,9
6_2_2.topo,18,30,10,84,84,10,30,18
6_2_20.topo,18,28,19,84,84,19,28,18
6_2_200.topo,18,1,6,42,42,6,1,18
6_2_201.topo,18,42,6,5,5,6,42,18
6_2_202.topo,9,27,1,15,15,1,27,9
6_2_203.topo,18,18,1,14,14,1,18,18
6_2_204.topo,12,42,6,6,6,6,42,12
6_2_205.topo,18,14,6,3,3,6,14,18
6_2_206.topo,9,9,1,9,9,1,9,9
6_2_207.topo,9,3,3,45,45,3,3,9
6_2_208.topo,5,9,9,9,9,9,9,5
6_2_209.topo,14,3,18,6,6,18,3,14
6_2_21.topo,18,60,5,84,84,5,60,18
6_2_210.topo,14,18,1,18,18,1,18,14
6_2_211.topo,5,42,6,18,18,6,42,5
6_2_212.topo,5,27,3,9,9,3,27,5
6_2_213.topo,12,14,18,6,6,18,14,12
6_2_214.topo,9,3,3,9,9,3,3,9
6_2_215.topo,6,18,6,28,28,6,18,6
6_2_22.topo,9,15,5,27,27,5,15,9
6_2_24.topo,18,14,19,42,42,19,14,18
6_2_25.topo,18,30,5,42,42,5,30,18
6_2_26.topo,18,84,19,140,140,19,84,18
6_2_27.topo,12,42,19,84,84,19,42,12
6_2_28.topo,9,45,5,45,45,5,45,9
6_2_29.topo,18,42,19,70,70,19,42,18
6_2_3.topo,9,5,15,27,27,15,5,9
6_2_30.topo,18,36,5,140,140,5,36,18
6_2_31.topo,9,9,5,45,45,5,9,9
6_2_32.topo,12,36,2,84,84,2,36,12
6_2_33.topo,18,18,5,70,70,5,18,18
6_2_34.topo,9,27,5,75,75,5,27,9
6_2_35.topo,14,36,14,114,114,14,36,14
6_2_36.topo,14,18,14,57,57,14,18,14
6_2_37.topo,5,27,3,45,45,3,27,5
6_2_38.topo,14,18,14,57,57,14,18,14
6_2_39.topo,14,36,14,114,114,14,36,14
6_2_4.topo,12,42,57,140,140,57,42,12
6_2_40.topo,9,45,15,75,75,15,45,9
6_2_41.topo,9,15,5,27,27,5,15,9
6_2_42.topo,18,60,2,42,42,2,60,18
6_2_43.topo,18,28,2,18,18,2,28,18
6_2_44.topo,12,36,5,42,42,5,36,12
6_2_45.topo,9,9,5,9,9,5,9,9
6_2_46.topo,18,36,2,14,14,2,36,18
6_2_47.topo,9,45,5,45,45,5,45,9
6_2_48.topo,18,84,2,30,30,2,84,18
6_2_5.topo,9,45,15,75,75,15,45,9
6_2_50.topo,18,12,3,140,140,3,12,18
6_2_51.topo,9,3,3,45,45,3,3,9
6_2_52.topo,12,18,1,84,84,1,18,12
6_2_53.topo,18,6,3,70,70,3,6,18
6_2_54.topo,9,9,3,75,75,3,9,9
6_2_55.topo,14,42,12,114,114,12,42,14
6_2_56.topo,9,45,3,15,15,3,45,9
6_2_57.topo,18,30,3,14,14,3,30,18
6_2_58.topo,12,36,1,42,42,1,36,12
6_2_59.topo,9,15,3,9,9,3,15,9
6_2_6.topo,6,30,30,84,84,30,30,6
6_2_60.topo,18,60,3,28,28,3,60,18
6_2_61.topo,18,60,6,70,70,6,60,18
6_2_62.topo,14,36,42,38,38,42,36,14
6_2_63.topo,5,84,18,60,60,18,84,5
6_2_64.topo,5,27,9,15,15,9,27,5
6_2_66.topo,14,18,42,19,19,42,18,14
6_2_67.topo,5,42,18,30,30,18,42,5
6_2_68.topo,14,60,42,114,114,42,60,14
6_2_69.topo,14,36,28,57,57,28,36,14
6_2_7.topo,18,42,38,140,140,38,42,18
6_2_70.topo,5,45,9,45,45,9,45,5
6_2_71.topo,14,30,42,57,57,42,30,14
6_2_72.topo,18,114,70,140,140,70,114,18
6_2_73.topo,9,45,25,45,45,25,45,9
6_2_74.topo,12,114,28,84,84,28,114,12
6_2_75.topo,18,57,70,70,70,70,57,18
6_2_76.topo,9,15,45,15,15,45,15,9
6_2_77.topo,14,95,42,18,18,42,95,14
6_2_78.topo,5,75,9,27,27,9,75,5
6_2_79.topo,5,70,18,18,18,18,70,5
6_2_8.topo,12,14,57,84,84,57,14,12
6_2_80.topo,14,114,28,18,18,28,114,14
6_2_81.topo,14,57,42,6,6,42,57,14
6_2_82.topo,5,45,9,9,9,9,45,5
6_2_83.topo,14,190,42,36,36,42,190,14
6_2_85.topo,5,140,18,36,36,18,140,5
6_2_86.topo,9,125,45,45,45,45,125,9
6_2_87.topo,6,140,60,36,36,60,140,6
6_2_88.topo,18,140,57,140,140,57,140,18
6_2_89.topo,12,84,38,84,84,38,84,12
6_2_9.topo,9,15,15,45,45,15,15,9
6_2_90.topo,9,75,15,45,45,15,75,9
6_2_91.topo,18,28,57,28,28,57,28,18
6_2_92.topo,9,9,15,15,15,15,9,9
6_2_93.topo,9,3,9,75,75,9,3,9
6_2_94.topo,12,18,3,140,140,3,18,12
6_2_95.topo,6,6,6,84,84,6,6,6
6_2_96.topo,18,6,6,140,140,6,6,18
6_2_97.topo,9,1,9,45,45,9,1,9
6_2_98.topo,12,6,3,84,84,3,6,12
6_2_99.topo,9,9,9,125,125,9,9,9
6_3_0.topo,27,25,5,27,27,5,25,27
6_3_1.topo,36,28,19,42,42,19,28,36
6_3_10.topo,42,12,14,114,114,14,12,42
6_3_100.topo,42,6,42,19,19,42,6,42
6_3_101.topo,15,9,9,15,15,9,9,15
6_3_102.topo,19,42,6,42,42,6,42,19
6_3_103.topo,19,84,6,84,84,6,84,19
6_3_104.topo,15,75,9,45,45,9,75,15
6_3_105.topo,15,45,15,45,45,15,45,15
6_3_106.topo,42,140,12,57,57,12,140,42
6_3_107.topo,30,84,6,30,30,6,84,30
6_3_108.topo,28,84,30,57,57,30,84,28
6_3_109.topo,15,27,15,15,15,15,27,15
6_3_11.topo,30,36,3,140,140,3,36,30
6_3_110.topo,42,84,12,19,19,12,84,42
6_3_111.topo,15,27,15,15,15,15,27,15
6_3_112.topo,28,18,30,6,6,30,18,28
6_3_113.topo,42,36,12,5,5,12,36,42
6_3_114.topo,30,18,6,28,28,6,18,30
6_3_115.topo,42,6,12,6,6,12,6,42
6_3_117.topo,36,6,6,70,70,6,6,36
6_3_118.topo,27,1,9,15,15,9,1,27
6_3_119.topo,36,6,3,28,28,3,6,36
6_3_12.topo,15,9,3,45,45,3,9,15
6_3_120.topo,30,18,1,42,42,1,18,30
6_3_121.topo,15,27,1,45,45,1,27,15
6_3_122.topo,28,84,6,57,57,6,84,28
6_3_123.topo,15,15,9,9,9,9,15,15
6_3_124.topo,42,5,18,6,6,18,5,42
6_3_125.topo,28,6,6,18,18,6,6,28
6_3_126.topo,15,9,1,27,27,1,9,15
6_3_127.topo,30,36,1,84,84,1,36,30
6_3_128.topo,36,30,3,140,140,3,30,36
6_3_129.topo,15,3,45,45,45,45,3,15
6_3_130.topo,15,45,45,75,75,45,45,15
6_3_131.topo,30,42,114,140,140,114,42,30
6_3_132.topo,42,70,60,114,114,60,70,42
6_3_133.topo,15,15,45,45,45,45,15,15
6_3_134.topo,36,14,95,84,84,95,14,36
6_3_135.topo,27,15,25,45,45,25,15,27
6_3_136.topo,36,5,70,36,36,70,5,36
6_3_137.topo,42,57,28,60,60,28,57,42
6_3_138.topo,28,19,42,36,36,42,19,28
6_3_139.topo,15,5,45,27,27,45,5,15
6_3_14.topo,42,6,14,57,57,14,6,42
6_3_140.topo,27,3,25,45,45,25,3,27
6_3_141.topo,36,12,10,84,84,10,12,36
6_3_142.topo,36,2,28,36,36,28,2,36
6_3_143.topo,30,30,6,84,84,6,30,30
6_3_144.topo,15,5,9,27,27,9,5,15
6_3_145.topo,28,2,36,36,36,36,2,28
6_3_146.topo,15,45,9,75,75,9,45,15
6_3_147.topo,10,30,18,84,84,18,30,10
6_3_148.topo,10,12,36,84,84,36,12,10
6_3_149.topo,36,14,38,42,42,38,14,36
6_3_15.topo,30,18,3,70,70,3,18,30
6_3_150.topo,36,30,10,42,42,10,30,36
6_3_151.topo,27,5,15,9,9,15,5,27
6_3_152.topo,30,14,57,42,42,57,14,30
6_3_153.topo,42,3,30,30,30,30,3,42
6_3_154.topo,15,9,15,45,45,15,9,15
6_3_155.topo,15,9,9,15,15,9,9,15
6_3_156.topo,42,6,42,19,19,42,6,42
6_3_157.topo,28,18,28,57,57,28,18,28
6_3_158.topo,15,27,25,45,45,25,27,15
6_3_159.topo,15,9,15,9,9,15,9,15
6_3_16.topo,42,36,14,190,190,14,36,42
6_3_160.topo,30,36,6,14,14,6,36,30
6_3_161.topo,42,12,12,3,3,12,12,42
6_3_162.topo,28,3,6,36,36,6,3,28
6_3_163.topo,42,1,18,30,30,18,1,42
6_3_164.topo,15,3,9,45,45,9,3,15
6_3_165.topo,19,18,28,84,84,28,18,19
6_3_166.topo,36,12,3,14,14,3,12,36
6_3_167.topo,27,5,9,3,3,9,5,27
6_3_168.topo,36,30,6,14,14,6,30,36
6_3_169.topo,30,36,10,42,42,10,36,30
6_3_17.topo,28,18,14,114,114,14,18,28
6_3_170.topo,27,5,25,27,27,25,5,27
6_3_171.topo,42,19,28,36,36,28,19,42
6_3_172.topo,42,5,60,36,36,60,5,42
6_3_173.topo,27,15,25,45,45,25,15,27
6_3_174.topo,28,57,42,60,60,42,57,28
6_3_175.topo,15,15,45,45,45,45,15,15
6_3_176.topo,36,70,70,114,114,70,70,36
6_3_177.topo,30,14,114,84,84,114,14,30
6_3_178.topo,36,42,95,140,140,95,42,36
6_3_179.topo,27,45,25,75,75,25,45,27
6_3_18.topo,15,27,3,75,75,3,27,15
6_3_180.topo,15,15,9,45,45,9,15,15
6_3_181.topo,28,6,36,60,60,36,6,28
6_3_182.topo,36,28,28,114,114,28,28,36
6_3_183.topo,42,3,60,60,60,60,3,42
6_3_184.topo,27,9,25,75,75,25,9,27
6_3_185.topo,36,36,10,140,140,10,36,36
6_3_186.topo,15,9,45,75,75,45,9,15
6_3_187.topo,36,42,70,190,190,70,42,36
6_3_188.topo,36,84,28,190,190,28,84,36
6_3_189.topo,27,27,25,125,125,25,27,27
6_3_19.topo,42,18,14,95,95,14,18,42
6_3_190.topo,42,12,42,38,38,42,12,42
6_3_191.topo,42,30,42,95,95,42,30,42
6_3_192.topo,28,36,28,114,114,28,36,28
6_3_193.topo,42,60,42,190,190,42,60,42
6_3_194.topo,27,75,45,125,125,45,75,27
6_3_195.topo,42,2,18,60,60,18,2,42
6_3_196.topo,27,5,9,75,75,9,5,27
6_3_197.topo,36,12,6,140,140,6,12,36
6_3_198.topo,27,15,9,125,125,9,15,27
6_3_199.topo,42,70,36,190,190,36,70,42
6_3_2.topo,36,60,5,42,42,5,60,36
6_3_20.topo,42,84,30,190,190,30,84,42
6_3_200.topo,27,15,9,5,5,9,15,27
6_3_201.topo,42,70,18,19,19,18,70,42
6_3_202.topo,15,45,9,15,15,9,45,15
6_3_203.topo,42,140,18,38,38,18,140,42
6_3_204.topo,42,140,36,95,95,36,140,42
6_3_205.topo,19,70,18,42,42,18,70,19
6_3_206.topo,30,95,42,42,42,42,95,30
6_3_207.topo,15,25,27,9,9,27,25,15
6_3_208.topo,15,3,9,9,9,9,3,15
6_3_209.topo,28,18,84,19,19,84,18,28
6_3_21.topo,15,27,15,75,75,15,27,15
6_3_210.topo,10,42,36,30,30,36,42,10
6_3_211.topo,15,9,27,5,5,27,9,15
6_3_213.topo,19,42,18,14,14,18,42,19
6_3_214.topo,30,18,42,5,5,42,18,30
6_3_215.topo,19,140,18,84,84,18,140,19
6_3_216.topo,19,84,12,42,42,12,84,19
6_3_217.topo,15,27,15,15,15,15,27,15
6_3_218.topo,30,190,42,84,84,42,190,30
6_3_219.topo,15,75,15,27,27,15,75,15
6_3_22.topo,28,84,12,114,114,12,84,28
6_3_220.topo,28,84,38,36,36,38,84,28
6_3_221.topo,42,57,70,6,6,70,57,42
6_3_222.topo,15,45,15,9,9,15,45,15
6_3_223.topo,30,30,42,3,3,42,30,30
6_3_224.topo,15,15,27,3,3,27,15,15
6_3_225.topo,10,70,36,18,18,36,70,10
6_3_226.topo,15,75,27,75,75,27,75,15
6_3_227.topo,10,84,36,60,60,36,84,10
6_3_228.topo,15,45,25,27,27,25,45,15
6_3_229.topo,36,14,114,14,14,114,14,36
6_3_23.topo,42,42,30,95,95,30,42,42
6_3_230.topo,27,3,45,5,5,45,3,27
6_3_231.topo,27,1,15,45,45,15,1,27
6_3_232.topo,36,6,5,84,84,5,6,36
6_3_233.topo,36,1,14,36,36,14,1,36
6_3_234.topo,30,18,2,84,84,2,18,30
6_3_235.topo,15,3,3,27,27,3,3,15
6_3_236.topo,28,1,18,36,36,18,1,28
6_3_237.topo,15,27,3,75,75,3,27,15
6_3_238.topo,10,18,6,84,84,6,18,10
6_3_239.topo,28,84,18,95,95,18,84,28
6_3_24.topo,27,9,15,25,25,15,9,27
6_3_240.topo,19,36,28,42,42,28,36,19
6_3_241.topo,15,3,45,9,9,45,3,15
6_3_242.topo,42,1,36,12,12,36,1,42
6_3_243.topo,30,18,10,84,84,10,18,30
6_3_244.topo,28,3,60,18,18,60,3,28
6_3_245.topo,42,2,36,6,6,36,2,42
6_3_246.topo,27,27,1,5,5,1,27,27
6_3_248.topo,42,36,70,38,38,70,36,42
6_3_249.topo,42,60,84,95,95,84,60,42
6_3_25.topo,42,57,14,30,30,14,57,42
6_3_250.topo,28,60,84,114,114,84,60,28
6_3_251.topo,27,75,75,75,75,75,75,27
6_3_252.topo,36,190,84,140,140,84,190,36
6_3_253.topo,36,114,140,140,140,140,114,36
6_3_254.topo,15,45,75,45,45,75,45,15
6_3_255.topo,42,38,84,6,6,84,38,42
6_3_256.topo,42,95,70,18,18,70,95,42
6_3_258.topo,30,84,95,84,84,95,84,30
6_3_259.topo,42,1,36,60,60,36,1,42
6_3_26.topo,15,45,3,45,45,3,45,15
6_3_260.topo,27,3,15,75,75,15,3,27
6_3_261.topo,36,18,5,140,140,5,18,36
6_3_262.topo,36,14,42,190,190,42,14,36
6_3_263.topo,19,36,70,84,84,70,36,19
6_3_264.topo,15,27,25,45,45,25,27,15
6_3_265.topo,15,15,9,45,45,9,15,15
6_3_266.topo,36,12,84,2,2,84,12,36
6_3_267.topo,27,15,15,15,15,15,15,27
6_3_268.topo,36,5,42,12,12,42,5,36
6_3_269.topo,15,5,27,9,9,27,5,15
6_3_27.topo,30,30,3,42,42,3,30,30
6_3_270.topo,36,2,14,18,18,14,2,36
6_3_272.topo,28,2,18,18,18,18,2,28
6_3_273.topo,10,12,18,42,42,18,12,10
6_3_274.topo,36,2,6,42,42,6,2,36
6_3_275.topo,36,12,1,42,42,1,12,36
6_3_276.topo,27,3,1,9,9,1,3,27
6_3_277.topo,15,9,9,3,3,9,9,15
6_3_278.topo,30,18,3,14,14,3,18,30
6_3_279.topo,42,6,6,3,3,6,6,42
6_3_28.topo,28,57,14,36,36,14,57,28
6_3_280.topo,42,6,1,18,18,1,6,42
6_3_281.topo,27,3,3,3,3,3,3,27
6_3_29.topo,42,19,14,18,18,14,19,42
6_3_3.topo,27,15,5,9,9,5,15,27
6_3_30.topo,15,15,3,27,27,3,15,15
6_3_31.topo,42,114,14,60,60,14,114,42
6_3_33.topo,30,60,3,84,84,3,60,30
6_3_34.topo,42,38,14,36,36,14,38,42
6_3_35.topo,27,75,15,75,75,15,75,27
6_3_36.topo,36,60,10,84,84,10,60,36
6_3_37.topo,36,60,6,140,140,6,60,36
6_3_38.topo,27,25,15,45,45,15,25,27
6_3_39.topo,42,10,30,36,36,30,10,42
6_3_4.topo,36,70,19,84,84,19,70,36
6_3_40.topo,42,60,42,190,190,42,60,42
6_3_41.topo,28,36,28,114,114,28,36,28
6_3_42.topo,15,45,9,75,75,9,45,15
6_3_43.topo,42,12,42,38,38,42,12,42
6_3_44.topo,27,5,3,45,45,3,5,27
6_3_45.topo,36,30,1,84,84,1,30,36
6_3_46.topo,36,14,1,36,36,1,14,36
6_3_47.topo,36,12,3,70,70,3,12,36
6_3_48.topo,27,3,3,15,15,3,3,27
6_3_49.topo,36,18,1,28,28,1,18,36
6_3_5.topo,27,75,5,45,45,5,75,27
6_3_50.topo,27,15,3,75,75,3,15,27
6_3_51.topo,36,14,3,60,60,3,14,36
6_3_52.topo,36,42,1,60,60,1,42,36
6_3_53.topo,27,9,3,25,25,3,9,27
6_3_54.topo,42,70,12,114,114,12,70,42
6_3_55.topo,30,42,6,60,60,6,42,30
6_3_57.topo,42,18,12,10,10,12,18,42
6_3_58.topo,42,28,18,190,190,18,28,42
6_3_59.topo,15,9,9,75,75,9,9,15
6_3_6.topo,36,70,5,36,36,5,70,36
6_3_60.topo,28,42,6,114,114,6,42,28
6_3_61.topo,27,75,9,25,25,9,75,27
6_3_62.topo,36,60,6,28,28,6,60,36
6_3_63.topo,36,60,3,70,70,3,60,36
6_3_64.topo,15,9,9,75,75,9,9,15
6_3_65.topo,42,6,28,114,114,28,6,42
6_3_66.topo,30,18,6,140,140,6,18,30
6_3_67.topo,15,3,9,45,45,9,3,15
6_3_68.topo,28,18,42,190,190,42,18,28
6_3_69.topo,15,27,9,125,125,9,27,15
6_3_7.topo,27,45,5,15,15,5,45,27
6_3_70.topo,10,18,18,140,140,18,18,10
6_3_71.topo,15,27,45,125,125,45,27,15
6_3_72.topo,28,84,36,190,190,36,84,28
6_3_73.topo,10,36,36,140,140,36,36,10
6_3_74.topo,15,15,9,45,45,9,15,15
6_3_75.topo,30,84,57,140,140,57,84,30
6_3_76.topo,42,140,30,114,114,30,140,42
6_3_77.topo,15,45,15,45,45,15,45,15
6_3_79.topo,30,42,57,70,70,57,42,30
6_3_8.topo,36,60,2,84,84,2,60,36
6_3_80.topo,42,70,30,57,57,30,70,42
6_3_81.topo,36,42,38,70,70,38,42,36
6_3_82.topo,36,14,57,28,28,57,14,36
6_3_83.topo,27,15,15,15,15,15,15,27
6_3_84.topo,36,18,10,70,70,10,18,36
6_3_85.topo,27,3,15,15,15,15,3,27
6_3_86.topo,36,12,6,28,28,6,12,36
6_3_87.topo,36,84,38,140,140,38,84,36
6_3_88.topo,27,45,15,125,125,15,45,27
6_3_89.topo,36,36,10,140,140,10,36,36
6_3_9.topo,36,28,2,36,36,2,28,36
6_3_90.topo,36,70,57,140,140,57,70,36
6_3_91.topo,36,28,38,84,84,38,28,36
6_3_92.topo,27,15,15,75,75,15,15,27
6_3_93.topo,30,28,57,84,84,57,28,30
6_3_95.topo,42,6,30,60,60,30,6,42
6_3_96.topo,15,15,15,27,27,15,15,15
6_3_97.topo,42,5,30,18,18,30,5,42
6_3_98.topo,28,6,12,36,36,12,6,28
6_3_99.topo,28,18,28,57,57,28,18,28
6_4_0.topo,45,15,3,45,45,3,15,45
6_4_1.topo,84,12,14,57,57,14,12,84
6_4_10.topo,45,45,15,75,75,15,45,45
6_4_100.topo,84,3,6,12,12,6,3,84
6_4_101.topo,45,45,1,45,45,1,45,45
6_4_102.topo,60,14,3,36,36,3,14,60
6_4_103.topo,84,140,6,57,57,6,140,84
6_4_104.topo,60,84,3,30,30,3,84,60
6_4_106.topo,70,84,6,114,114,6,84,70
6_4_107.topo,25,27,3,45,45,3,27,25
6_4_108.topo,38,18,14,84,84,14,18,38
6_4_109.topo,45,45,3,75,75,3,45,45
6_4_11.topo,84,140,12,114,114,12,140,84
6_4_110.topo,60,36,2,84,84,2,36,60
6_4_111.topo,60,36,5,42,42,5,36,60
6_4_113.topo,84,12,28,114,114,28,12,84
6_4_114.topo,70,12,42,114,114,42,12,70
6_4_115.topo,84,30,42,190,190,42,30,84
6_4_116.topo,84,36,28,190,190,28,36,84
6_4_117.topo,57,36,70,140,140,70,36,57
6_4_118.topo,45,45,45,125,125,45,45,45
6_4_119.topo,84,140,36,190,190,36,140,84
6_4_12.topo,60,84,6,60,60,6,84,60
6_4_120.topo,84,84,60,190,190,60,84,84
6_4_121.topo,45,27,25,75,75,25,27,45
6_4_122.topo,84,19,42,12,12,42,19,84
6_4_123.topo,70,57,42,30,30,42,57,70
6_4_124.topo,84,57,28,30,30,28,57,84
6_4_126.topo,70,114,42,60,60,42,114,70
6_4_127.topo,45,45,25,45,45,25,45,45
6_4_128.topo,84,140,60,114,114,60,140,84
6_4_129.topo,45,75,45,75,75,45,75,45
6_4_13.topo,84,84,30,95,95,30,84,84
6_4_130.topo,57,60,70,84,84,70,60,57
6_4_131.topo,70,36,70,114,114,70,36,70
6_4_132.topo,84,60,84,190,190,84,60,84
6_4_133.topo,45,75,27,125,125,27,75,45
6_4_134.topo,70,36,70,114,114,70,36,70
6_4_135.topo,84,2,18,30,30,18,2,84
6_4_136.topo,45,5,9,45,45,9,5,45
6_4_137.topo,45,5,9,45,45,9,5,45
6_4_138.topo,84,19,18,140,140,18,19,84
6_4_139.topo,45,15,9,75,75,9,15,45
6_4_14.topo,45,27,15,25,25,15,27,45
6_4_140.topo,57,30,28,84,84,28,30,57
6_4_141.topo,70,57,36,140,140,36,57,70
6_4_143.topo,57,42,28,60,60,28,42,57
6_4_144.topo,57,12,42,140,140,42,12,57
6_4_145.topo,45,15,27,125,125,27,15,45
6_4_146.topo,84,70,18,190,190,18,70,84
6_4_147.topo,45,45,15,15,15,15,45,45
6_4_148.topo,84,140,36,38,38,36,140,84
6_4_149.topo,84,140,18,95,95,18,140,84
6_4_15.topo,84,84,12,38,38,12,84,84
6_4_150.topo,25,27,27,125,125,27,27,25
6_4_151.topo,25,5,27,27,27,27,5,25
6_4_152.topo,60,42,114,70,70,114,42,60
6_4_153.topo,84,70,60,57,57,60,70,84
6_4_154.topo,45,15,45,15,15,45,15,45
6_4_155.topo,57,30,70,42,42,70,30,57
6_4_156.topo,45,5,45,9,9,45,5,45
6_4_157.topo,84,2,36,12,12,36,2,84
6_4_158.topo,60,28,114,84,84,114,28,60
6_4_159.topo,45,15,45,75,75,45,15,45
6_4_16.topo,45,27,15,25,25,15,27,45
6_4_160.topo,84,6,60,60,60,60,6,84
6_4_161.topo,45,9,25,45,45,25,9,45
6_4_162.topo,84,3,60,30,30,60,3,84
6_4_163.topo,38,42,12,42,42,12,42,38
6_4_164.topo,57,14,18,14,14,18,14,57
6_4_165.topo,45,3,27,5,5,27,3,45
6_4_166.topo,25,45,15,27,27,15,45,25
6_4_167.topo,25,27,45,15,15,45,27,25
6_4_168.topo,70,84,36,19,19,36,84,70
6_4_169.topo,70,36,36,5,5,36,36,70
6_4_17.topo,84,18,30,10,10,30,18,84
6_4_170.topo,57,36,28,14,14,28,36,57
6_4_171.topo,70,12,36,3,3,36,12,70
6_4_173.topo,60,18,2,42,42,2,18,60
6_4_174.topo,45,3,3,9,9,3,3,45
6_4_175.topo,84,1,18,12,12,18,1,84
6_4_176.topo,70,3,6,18,18,6,3,70
6_4_177.topo,25,9,3,27,27,3,9,25
6_4_178.topo,38,36,14,42,42,14,36,38
6_4_179.topo,84,2,18,6,6,18,2,84
6_4_18.topo,84,36,12,10,10,12,36,84
6_4_180.topo,60,18,5,84,84,5,18,60
6_4_181.topo,45,3,15,45,45,15,3,45
6_4_182.topo,57,14,12,84,84,12,14,57
6_4_183.topo,70,3,36,60,60,36,3,70
6_4_184.topo,45,9,15,75,75,15,9,45
6_4_185.topo,38,42,18,140,140,18,42,38
6_4_186.topo,25,9,27,75,75,27,9,25
6_4_187.topo,60,42,42,190,190,42,42,60
6_4_188.topo,25,45,27,75,75,27,45,25
6_4_189.topo,38,36,84,140,140,84,36,38
6_4_19.topo,70,36,42,190,190,42,36,70
6_4_190.topo,60,84,84,190,190,84,84,60
6_4_191.topo,45,45,15,75,75,15,45,45
6_4_193.topo,60,84,114,140,140,114,84,60
6_4_194.topo,60,14,114,42,42,114,14,60
6_4_195.topo,60,42,95,84,84,95,42,60
6_4_196.topo,84,6,84,19,19,84,6,84
6_4_197.topo,70,18,70,57,57,70,18,70
6_4_198.topo,38,36,70,42,42,70,36,38
6_4_199.topo,25,45,45,45,45,45,45,25
6_4_2.topo,60,36,3,70,70,3,36,60
6_4_20.topo,70,84,18,190,190,18,84,70
6_4_200.topo,25,9,45,9,9,45,9,25
6_4_201.topo,84,1,36,30,30,36,1,84
6_4_202.topo,45,3,15,45,45,15,3,45
6_4_203.topo,45,5,27,3,3,27,5,45
6_4_204.topo,57,30,42,14,14,42,30,57
6_4_205.topo,45,9,75,75,75,75,9,45
6_4_206.topo,70,57,84,60,60,84,57,70
6_4_207.topo,57,30,140,84,84,140,30,57
6_4_208.topo,45,45,75,75,75,75,45,45
6_4_209.topo,84,19,70,36,36,70,19,84
6_4_21.topo,25,27,9,75,75,9,27,25
6_4_210.topo,45,5,75,27,27,75,5,45
6_4_211.topo,84,30,95,84,84,95,30,84
6_4_212.topo,45,5,15,27,27,15,5,45
6_4_213.topo,84,2,60,36,36,60,2,84
6_4_214.topo,84,12,38,84,84,38,12,84
6_4_215.topo,45,9,3,3,3,3,9,45
6_4_23.topo,70,18,42,95,95,42,18,70
6_4_24.topo,84,18,28,95,95,28,18,84
6_4_25.topo,84,6,42,38,38,42,6,84
6_4_26.topo,45,9,9,25,25,9,9,45
6_4_27.topo,57,42,6,70,70,6,42,57
6_4_28.topo,84,42,60,95,95,60,42,84
6_4_29.topo,45,9,45,25,25,45,9,45
6_4_3.topo,45,9,3,15,15,3,9,45
6_4_30.topo,84,28,36,38,38,36,28,84
6_4_31.topo,70,70,18,57,57,18,70,70
6_4_32.topo,45,15,9,15,15,9,15,45
6_4_33.topo,84,114,28,60,60,28,114,84
6_4_34.topo,45,75,9,75,75,9,75,45
6_4_35.topo,60,60,6,84,84,6,60,60
6_4_36.topo,70,38,42,36,36,42,38,70
6_4_38.topo,70,10,18,36,36,18,10,70
6_4_39.topo,57,28,6,84,84,6,28,57
6_4_4.topo,84,30,14,114,114,14,30,84
6_4_40.topo,45,25,45,45,45,45,25,45
6_4_41.topo,84,10,60,36,36,60,10,84
6_4_42.topo,45,15,9,75,75,9,15,45
6_4_43.topo,70,6,18,60,60,18,6,70
6_4_44.topo,57,70,18,70,70,18,70,57
6_4_45.topo,57,28,18,28,28,18,28,57
6_4_46.topo,45,25,27,15,15,27,25,45
6_4_47.topo,45,15,9,75,75,9,15,45
6_4_48.topo,84,70,6,114,114,6,70,84
6_4_49.topo,60,42,3,60,60,3,42,60
6_4_5.topo,45,45,3,75,75,3,45,45
6_4_50.topo,45,9,9,25,25,9,9,45
6_4_51.topo,84,6,18,10,10,18,6,84
6_4_52.topo,45,27,1,15,15,1,27,45
6_4_53.topo,84,84,6,19,19,6,84,84
6_4_54.topo,84,36,6,5,5,6,36,84
6_4_55.topo,70,42,6,57,57,6,42,70
6_4_56.topo,45,9,3,15,15,3,9,45
6_4_57.topo,84,28,18,19,19,18,28,84
6_4_58.topo,45,15,3,45,45,3,15,45
6_4_59.topo,70,6,6,36,36,6,6,70
6_4_6.topo,60,42,3,60,60,3,42,60
6_4_60.topo,84,5,18,60,60,18,5,84
6_4_61.topo,45,9,15,15,15,15,9,45
6_4_62.topo,45,75,15,45,45,15,75,45
6_4_63.topo,60,84,57,70,70,57,84,60
6_4_64.topo,84,140,30,57,57,30,140,84
6_4_65.topo,45,45,15,15,15,15,45,45
6_4_66.topo,60,42,57,28,28,57,42,60
6_4_67.topo,45,45,15,15,15,15,45,45
6_4_68.topo,84,30,30,6,6,30,30,84
6_4_69.topo,45,15,15,9,9,15,15,45
6_4_7.topo,84,36,14,95,95,14,36,84
6_4_70.topo,60,36,6,28,28,6,36,60
6_4_71.topo,84,12,12,6,6,12,12,84
6_4_72.topo,84,6,28,57,57,28,6,84
6_4_73.topo,60,18,6,70,70,6,18,60
6_4_74.topo,45,3,9,15,15,9,3,45
6_4_76.topo,57,14,6,42,42,6,14,57
6_4_77.topo,70,3,18,30,30,18,3,70
6_4_78.topo,57,84,6,140,140,6,84,57
6_4_79.topo,38,42,6,84,84,6,42,38
6_4_8.topo,84,18,14,38,38,14,18,84
6_4_80.topo,25,9,9,45,45,9,9,25
6_4_81.topo,70,140,18,114,114,18,140,70
6_4_82.topo,25,45,9,45,45,9,45,25
6_4_83.topo,38,36,28,84,84,28,36,38
6_4_84.topo,70,19,42,18,18,42,19,70
6_4_85.topo,25,15,9,27,27,9,15,25
6_4_86.topo,70,5,18,18,18,18,5,70
6_4_87.topo,45,5,9,9,9,9,5,45
6_4_88.topo,60,30,6,42,42,6,30,60
6_4_89.topo,45,45,9,125,125,9,45,45
6_4_9.topo,45,27,3,25,25,3,27,45
6_4_90.topo,60,36,6,140,140,6,36,60
6_4_91.topo,60,36,10,84,84,10,36,60
6_4_92.topo,57,140,18,140,140,18,140,57
6_4_93.topo,38,84,12,84,84,12,84,38
6_4_94.topo,25,27,15,45,45,15,27,25
6_4_95.topo,45,3,9,15,15,9,3,45
6_4_96.topo,60,18,3,28,28,3,18,60
6_4_97.topo,84,6,6,6,6,6,6,84
6_4_98.topo,60,36,1,42,42,1,36,60
6_4_99.topo,45,9,1,9,9,1,9,45
6_5_0.topo,75,45,9,75,75,9,45,75
6_5_1.topo,140,36,42,95,95,42,36,140
6_5_10.topo,75,27,45,25,25,45,27,75
6_5_11.topo,140,84,36,38,38,36,84,140
6_5_12.topo,140,36,36,10,10,36,36,140
6_5_13.topo,140,140,18,57,57,18,140,140
6_5_14.topo,75,45,9,15,15,9,45,75
6_5_15.topo,114,36,28,28,28,28,36,114
6_5_16.topo,75,45,9,15,15,9,45,75
6_5_17.topo,140,30,18,6,6,18,30,140
6_5_18.topo,140,12,36,6,6,36,12,140
6_5_19.topo,75,15,9,9,9,9,15,75
6_5_2.topo,140,84,18,95,95,18,84,140
6_5_21.topo,95,42,18,70,70,18,42,95
6_5_22.topo,114,42,12,70,70,12,42,114
6_5_23.topo,114,14,18,28,28,18,14,114
6_5_24.topo,75,3,27,15,15,27,3,75
6_5_25.topo,95,14,18,42,42,18,14,95
6_5_26.topo,140,70,36,57,57,36,70,140
6_5_27.topo,75,15,27,15,15,27,15,75
6_5_28.topo,114,12,84,28,28,84,12,114
6_5_29.topo,95,30,42,42,42,42,30,95
6_5_3.topo,75,27,9,25,25,9,27,75
6_5_30.topo,75,5,27,9,9,27,5,75
6_5_31.topo,114,70,18,140,140,18,70,114
6_5_32.topo,95,28,18,84,84,18,28,95
6_5_34.topo,140,5,36,18,18,36,5,140
6_5_35.topo,114,14,12,42,42,12,14,114
6_5_36.topo,75,15,27,75,75,27,15,75
6_5_37.topo,140,6,36,60,60,36,6,140
6_5_38.topo,75,9,15,45,45,15,9,75
6_5_39.topo,140,3,36,30,30,36,3,140
6_5_4.topo,140,18,42,38,38,42,18,140
6_5_40.topo,114,70,36,70,70,36,70,114
6_5_41.topo,114,14,36,14,14,36,14,114
6_5_42.topo,140,84,6,57,57,6,84,140
6_5_43.topo,75,27,3,15,15,3,27,75
6_5_44.topo,140,18,6,6,6,6,18,140
6_5_45.topo,75,9,3,9,9,3,9,75
6_5_46.topo,140,84,18,19,19,18,84,140
6_5_47.topo,140,12,18,3,3,18,12,140
6_5_48.topo,140,42,12,57,57,12,42,140
6_5_49.topo,75,15,9,45,45,9,15,75
6_5_5.topo,75,27,9,25,25,9,27,75
6_5_50.topo,140,30,42,114,114,42,30,140
6_5_51.topo,75,45,9,75,75,9,45,75
6_5_52.topo,114,60,28,84,84,28,60,114
6_5_53.topo,140,114,36,140,140,36,114,140
6_5_54.topo,75,45,45,75,75,45,45,75
6_5_55.topo,114,42,70,60,60,70,42,114
6_5_56.topo,95,84,18,140,140,18,84,95
6_5_57.topo,95,36,42,140,140,42,36,95
6_5_58.topo,75,45,27,125,125,27,45,75
6_5_59.topo,140,36,84,190,190,84,36,140
6_5_6.topo,140,18,18,10,10,18,18,140
6_5_60.topo,140,18,70,114,114,70,18,140
6_5_61.topo,75,27,15,75,75,15,27,75
6_5_62.topo,114,84,12,140,140,12,84,114
6_5_63.topo,75,27,75,75,75,75,27,75
6_5_64.topo,140,84,60,114,114,60,84,140
6_5_65.topo,140,140,36,114,114,36,140,140
6_5_66.topo,75,45,15,45,45,15,45,75
6_5_68.topo,95,60,42,84,84,42,60,95
6_5_69.topo,114,60,140,84,84,140,60,114
6_5_7.topo,114,84,6,70,70,6,84,114
6_5_70.topo,114,140,36,140,140,36,140,114
6_5_71.topo,95,84,30,84,84,30,84,95
6_5_72.topo,75,75,45,45,45,45,75,75
6_5_73.topo,75,45,3,45,45,3,45,75
6_5_74.topo,114,30,14,84,84,14,30,114
6_5_75.topo,140,57,18,140,140,18,57,140
6_5_76.topo,114,14,42,60,60,42,14,114
6_5_77.topo,140,84,12,114,114,12,84,140
6_5_78.topo,75,27,5,45,45,5,27,75
6_5_79.topo,140,84,30,57,57,30,84,140
6_5_8.topo,114,42,6,28,28,6,42,114
6_5_80.topo,75,45,9,75,75,9,45,75
6_5_81.topo,95,36,14,84,84,14,36,95
6_5_82.topo,114,30,42,140,140,42,30,114
6_5_83.topo,75,15,45,45,45,45,15,75
6_5_9.topo,75,9,9,15,15,9,9,75
6_6_0.topo,125,27,27,25,25,27,27,125
6_6_1.topo,190,84,18,70,70,18,84,190
6_6_11.topo,190,84,36,140,140,36,84,190
6_6_12.topo,190,14,36,42,42,36,14,190
6_6_13.topo,190,42,30,84,84,30,42,190
6_6_14.topo,125,9,45,45,45,45,9,125
6_6_15.topo,125,45,45,45,45,45,45,125
6_6_16.topo,125,9,9,9,9,9,9,125
6_6_2.topo,190,36,42,70,70,42,36,190
6_6_3.topo,125,45,27,75,75,27,45,125
6_6_4.topo,190,42,18,28,28,18,42,190
6_6_5.topo,125,9,27,15,15,27,9,125
6_6_6.topo,190,42,42,60,60,42,42,190
6_6_7.topo,125,15,27,45,45,27,15,125
6_6_8.topo,190,36,84,28,28,84,36,190
6_6_9.topo,190,84,84,60,60,84,84,190
7_0_0.topo,1,54,126,30,30,126,54,1
7_0_1.topo,1,54,54,14,14,54,54,1
7_0_2.topo,1,84,168,72,72,168,84,1
7_0_3.topo,1,18,126,18,18,126,18,1
7_0_4.topo,1,42,54,18,18,54,42,1
7_0_5.topo,1,90,126,90,90,126,90,1
7_0_6.topo,1,90,54,42,42,54,90,1
7_0_7.topo,1,84,36,84,84,36,84,1
7_1_0.topo,6,126,171,70,70,171,126,6
7_1_1.topo,3,210,90,90,90,90,210,3
7_1_10.topo,6,126,57,42,42,57,126,6
7_1_11.topo,3,210,30,54,54,30,210,3
7_1_12.topo,6,196,114,84,84,114,196,6
7_1_13.topo,6,210,57,126,126,57,210,6
7_1_14.topo,3,126,30,90,90,30,126,3
7_1_15.topo,6,126,19,126,126,19,126,6
7_1_16.topo,6,54,15,210,210,15,54,6
7_1_17.topo,3,18,30,126,126,30,18,3
7_1_18.topo,6,72,12,196,196,12,72,6
7_1_19.topo,6,18,15,126,126,15,18,6
7_1_2.topo,3,90,90,42,42,90,90,3
7_1_20.topo,3,54,30,210,210,30,54,3
7_1_21.topo,6,36,12,392,392,12,36,6
7_1_22.topo,6,54,5,126,126,5,54,6
7_1_23.topo,3,18,42,90,90,42,18,3
7_1_24.topo,6,54,9,70,70,9,54,6
7_1_25.topo,3,18,18,42,42,18,18,3
7_1_26.topo,6,36,28,168,168,28,36,6
7_1_27.topo,3,6,42,54,54,42,6,3
7_1_28.topo,6,18,9,42,42,9,18,6
7_1_29.topo,3,54,42,150,150,42,54,3
7_1_3.topo,6,196,228,168,168,228,196,6
7_1_30.topo,2,36,84,168,168,84,36,2
7_1_31.topo,3,54,18,70,70,18,54,3
7_1_32.topo,3,18,42,90,90,42,18,3
7_1_33.topo,6,18,9,210,210,9,18,6
7_1_34.topo,3,6,18,126,126,18,6,3
7_1_35.topo,6,36,6,196,196,6,36,6
7_1_36.topo,6,6,9,126,126,9,6,6
7_1_37.topo,3,18,18,210,210,18,18,3
7_1_38.topo,6,72,14,168,168,14,72,6
7_1_39.topo,3,18,14,54,54,14,18,3
7_1_4.topo,6,42,171,42,42,171,42,6
7_1_40.topo,6,54,3,42,42,3,54,6
7_1_41.topo,6,36,14,84,84,14,36,6
7_1_42.topo,3,54,14,90,90,14,54,3
7_1_43.topo,6,18,3,126,126,3,18,6
7_1_5.topo,3,70,90,54,54,90,70,3
7_1_6.topo,6,210,171,210,210,171,210,6
7_1_7.topo,3,150,90,126,126,90,150,3
7_1_8.topo,2,168,72,168,168,72,168,2
7_1_9.topo,6,392,114,168,168,114,392,6
7_2_0.topo,18,42,57,210,210,57,42,18
7_2_1.topo,18,90,15,210,210,15,90,18
7_2_10.topo,18,54,15,350,350,15,54,18
7_2_100.topo,14,9,90,90,90,90,9,14
7_2_101.topo,9,30,14,54,54,14,30,9
7_2_102.topo,18,90,3,42,42,3,90,18
7_2_103.topo,18,42,3,18,18,3,42,18
7_2_104.topo,12,72,14,84,84,14,72,12
7_2_105.topo,9,18,14,18,18,14,18,9
7_2_106.topo,18,54,3,14,14,3,54,18
7_2_107.topo,9,90,14,90,90,14,90,9
7_2_108.topo,18,126,3,30,30,3,126,18
7_2_109.topo,36,84,1,84,84,1,84,36
7_2_11.topo,9,18,30,210,210,30,18,9
7_2_110.topo,36,12,6,392,392,6,12,36
7_2_111.topo,18,3,6,126,126,6,3,18
7_2_112.topo,18,18,1,126,126,1,18,18
7_2_113.topo,36,6,6,196,196,6,6,36
7_2_114.topo,18,126,6,15,15,6,126,18
7_2_115.topo,36,84,6,14,14,6,84,36
7_2_116.topo,18,54,1,42,42,1,54,18
7_2_117.topo,18,42,6,9,9,6,42,18
7_2_118.topo,18,3,18,210,210,18,3,18
7_2_119.topo,9,6,6,126,126,6,6,9
7_2_12.topo,12,72,12,392,392,12,72,12
7_2_120.topo,14,9,18,18,18,18,9,14
7_2_121.topo,18,42,18,15,15,18,42,18
7_2_122.topo,18,18,3,42,42,3,18,18
7_2_123.topo,9,54,6,70,70,6,54,9
7_2_124.topo,12,36,28,84,84,28,36,12
7_2_125.topo,9,6,42,18,18,42,6,9
7_2_126.topo,18,18,9,14,14,9,18,18
7_2_127.topo,5,18,42,54,54,42,18,5
7_2_128.topo,14,6,84,36,36,84,6,14
7_2_129.topo,14,3,18,54,54,18,3,14
7_2_13.topo,18,18,15,210,210,15,18,18
7_2_130.topo,14,54,1,54,54,1,54,14
7_2_131.topo,5,126,6,54,54,6,126,5
7_2_14.topo,9,54,30,350,350,30,54,9
7_2_15.topo,36,168,19,392,392,19,168,36
7_2_16.topo,18,42,19,126,126,19,42,18
7_2_17.topo,18,90,5,126,126,5,90,18
7_2_18.topo,36,84,19,196,196,19,84,36
7_2_19.topo,18,126,19,210,210,19,126,18
7_2_2.topo,9,30,30,126,126,30,30,9
7_2_20.topo,18,54,5,210,210,5,54,18
7_2_21.topo,14,54,14,171,171,14,54,14
7_2_22.topo,18,90,5,126,126,5,90,18
7_2_23.topo,18,42,5,54,54,5,42,18
7_2_24.topo,36,168,2,84,84,2,168,36
7_2_25.topo,18,18,3,210,210,3,18,18
7_2_26.topo,18,90,3,42,42,3,90,18
7_2_27.topo,14,168,84,228,228,84,168,14
7_2_28.topo,14,54,42,57,57,42,54,14
7_2_29.topo,5,126,18,90,90,18,126,5
7_2_3.topo,36,84,38,392,392,38,84,36
7_2_30.topo,14,84,84,114,114,84,84,14
7_2_31.topo,14,90,42,171,171,42,90,14
7_2_32.topo,18,171,70,210,210,70,171,18
7_2_33.topo,14,285,42,54,54,42,285,14
7_2_34.topo,14,266,84,36,36,84,266,14
7_2_35.topo,5,210,18,54,54,18,210,5
7_2_36.topo,14,171,42,18,18,42,171,14
7_2_37.topo,14,532,84,72,72,84,532,14
7_2_38.topo,9,350,90,90,90,90,350,9
7_2_39.topo,18,210,57,210,210,57,210,18
7_2_4.topo,18,14,57,126,126,57,14,18
7_2_40.topo,18,18,9,350,350,9,18,18
7_2_41.topo,9,6,18,210,210,18,6,9
7_2_42.topo,12,36,6,392,392,6,36,12
7_2_43.topo,18,6,9,210,210,9,6,18
7_2_44.topo,9,18,18,350,350,18,18,9
7_2_45.topo,14,126,30,171,171,30,126,14
7_2_46.topo,18,90,15,210,210,15,90,18
7_2_47.topo,14,54,126,95,95,126,54,14
7_2_48.topo,5,126,54,150,150,54,126,5
7_2_49.topo,5,54,54,70,70,54,54,5
7_2_5.topo,18,30,15,126,126,15,30,18
7_2_50.topo,14,84,168,228,228,168,84,14
7_2_51.topo,14,18,126,57,57,126,18,14
7_2_52.topo,5,42,54,90,90,54,42,5
7_2_53.topo,14,90,126,285,285,126,90,14
7_2_54.topo,14,72,168,266,266,168,72,14
7_2_55.topo,5,90,54,210,210,54,90,5
7_2_56.topo,18,171,210,350,350,210,171,18
7_2_57.topo,9,90,150,210,210,150,90,9
7_2_58.topo,12,228,168,392,392,168,228,12
7_2_59.topo,36,532,266,392,392,266,532,36
7_2_6.topo,18,126,57,350,350,57,126,18
7_2_60.topo,18,210,95,126,126,95,210,18
7_2_61.topo,18,285,70,126,126,70,285,18
7_2_62.topo,36,266,266,196,196,266,266,36
7_2_63.topo,18,70,171,42,42,171,70,18
7_2_64.topo,9,42,90,30,30,90,42,9
7_2_65.topo,36,168,266,28,28,266,168,36
7_2_66.topo,18,90,70,9,9,70,90,18
7_2_67.topo,18,42,57,42,42,57,42,18
7_2_68.topo,18,9,70,90,90,70,9,18
7_2_69.topo,36,6,28,168,168,28,6,36
7_2_7.topo,12,84,114,392,392,114,84,12
7_2_70.topo,18,18,15,42,42,15,18,18
7_2_71.topo,14,9,30,54,54,30,9,14
7_2_72.topo,18,210,285,210,210,285,210,18
7_2_73.topo,9,150,150,126,126,150,150,9
7_2_74.topo,18,70,285,126,126,285,70,18
7_2_75.topo,36,28,532,84,84,532,28,36
7_2_76.topo,18,25,210,54,54,210,25,18
7_2_77.topo,9,42,150,90,90,150,42,9
7_2_78.topo,18,9,210,30,30,210,9,18
7_2_79.topo,12,28,168,72,72,168,28,12
7_2_8.topo,9,90,30,210,210,30,90,9
7_2_80.topo,12,196,228,84,84,228,196,12
7_2_81.topo,18,42,171,14,14,171,42,18
7_2_82.topo,9,70,90,18,18,90,70,9
7_2_83.topo,18,126,95,42,42,95,126,18
7_2_84.topo,36,84,266,14,14,266,84,36
7_2_85.topo,18,54,70,15,15,70,54,18
7_2_86.topo,18,18,25,126,126,25,18,18
7_2_87.topo,18,3,70,54,54,70,3,18
7_2_88.topo,36,12,28,84,84,28,12,36
7_2_89.topo,18,30,9,42,42,9,30,18
7_2_9.topo,18,42,57,210,210,57,42,18
7_2_90.topo,9,90,18,70,70,18,90,9
7_2_91.topo,12,72,6,196,196,6,72,12
7_2_92.topo,18,42,285,42,42,285,42,18
7_2_93.topo,9,70,150,54,54,150,70,9
7_2_94.topo,18,15,210,18,18,210,15,18
7_2_95.topo,9,30,18,42,42,18,30,9
7_2_96.topo,14,12,72,84,84,72,12,14
7_2_97.topo,14,3,90,54,54,90,3,14
7_2_98.topo,5,18,90,126,126,90,18,5
7_2_99.topo,14,6,72,168,168,72,6,14
7_3_0.topo,54,70,19,126,126,19,70,54
7_3_1.topo,54,150,5,126,126,5,150,54
7_3_10.topo,42,18,14,171,171,14,18,42
7_3_100.topo,15,30,18,126,126,18,30,15
7_3_101.topo,28,12,72,168,168,72,12,28
7_3_102.topo,42,3,90,90,90,90,3,42
7_3_103.topo,15,18,90,210,210,90,18,15
7_3_104.topo,42,18,42,57,57,42,18,42
7_3_105.topo,42,3,18,90,90,18,3,42
7_3_106.topo,54,30,9,14,14,9,30,54
7_3_107.topo,42,57,42,90,90,42,57,42
7_3_108.topo,42,15,90,90,90,90,15,42
7_3_109.topo,54,70,70,171,171,70,70,54
7_3_11.topo,30,54,3,210,210,3,54,30
7_3_110.topo,84,14,228,168,168,228,14,84
7_3_111.topo,54,42,95,210,210,95,42,54
7_3_112.topo,54,90,25,210,210,25,90,54
7_3_113.topo,30,42,171,210,210,171,42,30
7_3_114.topo,72,196,266,532,532,266,196,72
7_3_115.topo,54,210,70,285,285,70,210,54
7_3_116.topo,54,126,95,350,350,95,126,54
7_3_117.topo,42,9,90,150,150,90,9,42
7_3_118.topo,54,42,70,285,285,70,42,54
7_3_119.topo,72,168,28,532,532,28,168,72
7_3_12.topo,84,36,14,266,266,14,36,84
7_3_120.topo,54,54,25,350,350,25,54,54
7_3_121.topo,54,126,70,475,475,70,126,54
7_3_122.topo,42,90,42,285,285,42,90,42
7_3_123.topo,54,30,9,350,350,9,30,54
7_3_124.topo,42,210,18,57,57,18,210,42
7_3_125.topo,28,84,168,114,114,168,84,28
7_3_126.topo,42,18,126,19,19,126,18,42
7_3_127.topo,15,42,54,30,30,54,42,15
7_3_128.topo,19,196,36,84,84,36,196,19
7_3_129.topo,19,210,18,126,126,18,210,19
7_3_13.topo,42,54,14,285,285,14,54,42
7_3_130.topo,30,285,42,126,126,42,285,30
7_3_131.topo,42,171,70,18,18,70,171,42
7_3_132.topo,84,114,196,6,6,196,114,84
7_3_133.topo,30,90,42,9,9,42,90,30
7_3_134.topo,19,126,18,42,42,18,126,19
7_3_135.topo,19,392,36,168,168,36,392,19
7_3_136.topo,15,210,54,150,150,54,210,15
7_3_137.topo,54,6,15,210,210,15,6,54
7_3_138.topo,54,1,42,90,90,42,1,54
7_3_139.topo,72,6,14,168,168,14,6,72
7_3_14.topo,42,126,30,285,285,30,126,42
7_3_140.topo,30,18,3,126,126,3,18,30
7_3_141.topo,15,54,6,210,210,6,54,15
7_3_142.topo,28,168,36,266,266,36,168,28
7_3_143.topo,30,54,42,15,15,42,54,30
7_3_144.topo,84,36,196,19,19,196,36,84
7_3_145.topo,42,54,70,57,57,70,54,42
7_3_146.topo,42,126,95,90,90,95,126,42
7_3_147.topo,15,70,54,18,18,54,70,15
7_3_148.topo,42,57,126,6,6,126,57,42
7_3_149.topo,30,126,95,126,126,95,126,30
7_3_15.topo,42,171,14,90,90,14,171,42
7_3_150.topo,30,54,3,210,210,3,54,30
7_3_151.topo,15,18,6,126,126,6,18,15
7_3_152.topo,28,6,36,168,168,36,6,28
7_3_153.topo,42,1,54,90,90,54,1,42
7_3_154.topo,19,54,70,126,126,70,54,19
7_3_155.topo,30,54,25,126,126,25,54,30
7_3_156.topo,84,72,196,38,38,196,72,84
7_3_157.topo,28,168,168,228,228,168,168,28
7_3_158.topo,42,150,126,285,285,126,150,42
7_3_159.topo,54,285,210,350,350,210,285,54
7_3_16.topo,84,114,14,84,84,14,114,84
7_3_160.topo,42,95,126,18,18,126,95,42
7_3_161.topo,84,361,196,84,84,196,361,84
7_3_162.topo,42,285,70,54,54,70,285,42
7_3_163.topo,84,722,196,168,168,196,722,84
7_3_164.topo,54,475,210,210,210,210,475,54
7_3_165.topo,54,350,171,350,350,171,350,54
7_3_166.topo,42,3,54,150,150,54,3,42
7_3_167.topo,54,14,42,285,285,42,14,54
7_3_168.topo,72,84,14,532,532,14,84,72
7_3_169.topo,54,18,15,350,350,15,18,54
7_3_17.topo,30,90,3,126,126,3,90,30
7_3_170.topo,54,42,42,475,475,42,42,54
7_3_171.topo,42,210,90,285,285,90,210,42
7_3_172.topo,54,15,42,30,30,42,15,54
7_3_173.topo,72,12,14,84,84,14,12,72
7_3_174.topo,42,18,210,57,57,210,18,42
7_3_175.topo,15,42,90,90,90,90,42,15
7_3_176.topo,30,9,126,30,30,126,9,30
7_3_177.topo,19,196,72,168,168,72,196,19
7_3_178.topo,19,42,54,42,42,54,42,19
7_3_179.topo,30,18,126,15,15,126,18,30
7_3_18.topo,42,57,14,54,54,14,57,42
7_3_180.topo,19,210,54,210,210,54,210,19
7_3_181.topo,15,54,90,70,70,90,54,15
7_3_182.topo,30,285,126,210,210,126,285,30
7_3_183.topo,15,150,90,126,126,90,150,15
7_3_184.topo,42,210,95,54,54,95,210,42
7_3_185.topo,54,18,210,5,5,210,18,54
7_3_186.topo,54,30,210,3,3,210,30,54
7_3_187.topo,54,14,171,14,14,171,14,54
7_3_188.topo,42,210,54,95,95,54,210,42
7_3_189.topo,84,1,168,72,72,168,1,84
7_3_19.topo,84,228,14,168,168,14,228,84
7_3_190.topo,42,3,90,18,18,90,3,42
7_3_191.topo,84,36,392,38,38,392,36,84
7_3_192.topo,84,168,392,361,361,392,168,84
7_3_193.topo,72,532,392,532,532,392,532,72
7_3_194.topo,72,12,392,12,12,392,12,72
7_3_195.topo,54,5,42,18,18,42,5,54
7_3_196.topo,84,2,168,36,36,168,2,84
7_3_197.topo,42,5,54,18,18,54,5,42
7_3_198.topo,15,30,54,42,42,54,30,15
7_3_199.topo,28,12,36,84,84,36,12,28
7_3_2.topo,54,70,5,54,54,5,70,54
7_3_20.topo,54,150,15,210,210,15,150,54
7_3_200.topo,54,5,6,126,126,6,5,54
7_3_201.topo,54,30,1,126,126,1,30,54
7_3_202.topo,54,14,1,54,54,1,14,54
7_3_203.topo,72,12,6,196,196,6,12,72
7_3_204.topo,54,3,6,42,42,6,3,54
7_3_205.topo,54,18,1,42,42,1,18,54
7_3_206.topo,30,18,9,42,42,9,18,30
7_3_207.topo,42,6,18,9,9,18,6,42
7_3_208.topo,84,36,6,14,14,6,36,84
7_3_209.topo,84,36,1,84,84,1,36,84
7_3_21.topo,42,90,42,285,285,42,90,42
7_3_210.topo,42,18,1,54,54,1,18,42
7_3_211.topo,15,18,42,18,18,42,18,15
7_3_212.topo,30,54,9,14,14,9,54,30
7_3_213.topo,42,18,18,3,3,18,18,42
7_3_214.topo,42,3,6,54,54,6,3,42
7_3_215.topo,54,18,3,14,14,3,18,54
7_3_22.topo,54,30,3,210,210,3,30,54
7_3_23.topo,54,14,3,90,90,3,14,54
7_3_24.topo,72,84,1,168,168,1,84,72
7_3_25.topo,54,18,3,70,70,3,18,54
7_3_26.topo,54,42,3,150,150,3,42,54
7_3_27.topo,84,196,12,228,228,12,196,84
7_3_28.topo,42,42,18,285,285,18,42,42
7_3_29.topo,54,150,9,70,70,9,150,54
7_3_3.topo,72,168,19,196,196,19,168,72
7_3_30.topo,42,18,42,285,285,42,18,42
7_3_31.topo,30,54,9,350,350,9,54,30
7_3_32.topo,15,18,18,210,210,18,18,15
7_3_33.topo,84,36,28,532,532,28,36,84
7_3_34.topo,42,6,42,171,171,42,6,42
7_3_35.topo,30,18,9,210,210,9,18,30
7_3_36.topo,42,54,42,475,475,42,54,42
7_3_37.topo,28,36,84,532,532,84,36,28
7_3_38.topo,15,54,18,350,350,18,54,15
7_3_39.topo,42,126,90,475,475,90,126,42
7_3_4.topo,54,42,19,42,42,19,42,54
7_3_40.topo,15,54,90,350,350,90,54,15
7_3_41.topo,28,168,72,532,532,72,168,28
7_3_42.topo,84,392,114,532,532,114,392,84
7_3_43.topo,30,126,57,210,210,57,126,30
7_3_44.topo,42,210,30,171,171,30,210,42
7_3_45.topo,84,196,114,266,266,114,196,84
7_3_46.topo,54,42,57,70,70,57,42,54
7_3_47.topo,54,18,15,70,70,15,18,54
7_3_48.topo,54,210,57,350,350,57,210,54
7_3_49.topo,72,168,38,392,392,38,168,72
7_3_5.topo,54,90,5,42,42,5,90,54
7_3_50.topo,54,90,15,350,350,15,90,54
7_3_51.topo,54,70,57,210,210,57,70,54
7_3_52.topo,84,28,114,168,168,114,28,84
7_3_53.topo,42,15,30,54,54,30,15,42
7_3_54.topo,42,18,42,57,57,42,18,42
7_3_55.topo,42,210,30,171,171,30,210,42
7_3_56.topo,30,126,15,90,90,15,126,30
7_3_57.topo,84,392,12,114,114,12,392,84
7_3_58.topo,42,126,30,57,57,30,126,42
7_3_59.topo,42,54,30,15,15,30,54,42
7_3_6.topo,54,210,19,210,210,19,210,54
7_3_60.topo,84,36,12,28,28,12,36,84
7_3_61.topo,54,6,9,70,70,9,6,54
7_3_62.topo,42,15,18,18,18,18,15,42
7_3_63.topo,30,126,171,350,350,171,126,30
7_3_64.topo,42,210,90,285,285,90,210,42
7_3_65.topo,15,90,90,210,210,90,90,15
7_3_66.topo,84,196,228,532,532,228,196,84
7_3_67.topo,30,42,171,210,210,171,42,30
7_3_68.topo,42,70,90,171,171,90,70,42
7_3_69.topo,54,42,95,210,210,95,42,54
7_3_7.topo,54,210,5,90,90,5,210,54
7_3_70.topo,72,14,266,168,168,266,14,72
7_3_71.topo,54,15,70,90,90,70,15,54
7_3_72.topo,42,57,42,90,90,42,57,42
7_3_73.topo,54,18,25,210,210,25,18,54
7_3_74.topo,54,3,70,90,90,70,3,54
7_3_75.topo,72,12,28,168,168,28,12,72
7_3_76.topo,30,30,9,126,126,9,30,30
7_3_77.topo,15,90,18,210,210,18,90,15
7_3_78.topo,72,84,38,196,196,38,84,72
7_3_79.topo,54,14,57,42,42,57,14,54
7_3_8.topo,72,168,2,168,168,2,168,72
7_3_80.topo,54,30,15,42,42,15,30,54
7_3_81.topo,30,42,57,126,126,57,42,30
7_3_82.topo,84,14,114,84,84,114,14,84
7_3_83.topo,42,9,30,90,90,30,9,42
7_3_84.topo,19,126,6,126,126,6,126,19
7_3_85.topo,30,54,15,42,42,15,54,30
7_3_86.topo,42,18,30,9,9,30,18,42
7_3_87.topo,84,72,12,14,14,12,72,84
7_3_88.topo,30,54,1,126,126,1,54,30
7_3_89.topo,54,14,95,126,126,95,14,54
7_3_9.topo,84,72,14,532,532,14,72,84
7_3_90.topo,54,30,25,126,126,25,30,54
7_3_91.topo,54,5,70,54,54,70,5,54
7_3_92.topo,84,114,28,168,168,28,114,84
7_3_93.topo,42,19,42,54,54,42,19,42
7_3_94.topo,42,5,90,54,54,90,5,42
7_3_95.topo,42,171,42,150,150,42,171,42
7_3_96.topo,28,114,84,168,168,84,114,28
7_3_97.topo,15,30,90,126,126,90,30,15
7_3_98.topo,30,14,171,126,126,171,14,30
7_3_99.topo,30,90,9,210,210,9,90,30
7_4_0.topo,126,30,14,171,171,14,30,126
7_4_1.topo,90,90,3,210,210,3,90,90
7_4_10.topo,126,210,30,285,285,30,210,126
7_4_100.topo,25,54,54,350,350,54,54,25
7_4_101.topo,168,196,228,266,266,228,196,168
7_4_102.topo,90,42,171,70,70,171,42,90
7_4_103.topo,126,70,90,57,57,90,70,126
7_4_104.topo,90,70,171,210,210,171,70,90
7_4_105.topo,168,28,228,168,168,228,28,168
7_4_106.topo,126,15,90,150,150,90,15,126
7_4_107.topo,57,42,18,42,42,18,42,57
7_4_108.topo,70,126,90,57,57,90,126,70
7_4_109.topo,70,54,90,15,15,90,54,70
7_4_11.topo,90,126,15,150,150,15,126,90
7_4_110.topo,196,168,72,19,19,72,168,196
7_4_111.topo,90,18,3,42,42,3,18,90
7_4_112.topo,70,9,6,54,54,6,9,70
7_4_113.topo,126,6,70,171,171,70,6,126
7_4_114.topo,90,18,15,210,210,15,18,90
7_4_115.topo,90,3,42,90,90,42,3,90
7_4_116.topo,114,84,12,392,392,12,84,114
7_4_117.topo,57,14,18,126,126,18,14,57
7_4_118.topo,70,3,54,90,90,54,3,70
7_4_119.topo,57,126,18,350,350,18,126,57
7_4_12.topo,168,392,12,228,228,12,392,168
7_4_120.topo,38,84,36,392,392,36,84,38
7_4_121.topo,25,18,54,210,210,54,18,25
7_4_122.topo,70,210,54,285,285,54,210,70
7_4_123.topo,25,90,54,210,210,54,90,25
7_4_124.topo,38,72,168,392,392,168,72,38
7_4_125.topo,57,90,70,126,126,70,90,57
7_4_126.topo,114,84,266,196,196,266,84,114
7_4_127.topo,90,14,171,42,42,171,14,90
7_4_128.topo,126,3,90,30,30,90,3,126
7_4_129.topo,90,54,25,210,210,25,54,90
7_4_13.topo,126,126,30,95,95,30,126,126
7_4_130.topo,90,42,95,126,126,95,42,90
7_4_131.topo,168,14,228,84,84,228,14,168
7_4_132.topo,126,5,90,18,18,90,5,126
7_4_133.topo,126,6,126,19,19,126,6,126
7_4_134.topo,114,168,28,84,84,28,168,114
7_4_135.topo,57,54,70,42,42,70,54,57
7_4_136.topo,70,18,90,9,9,90,18,70
7_4_137.topo,196,6,72,12,12,72,6,196
7_4_138.topo,126,1,54,30,30,54,1,126
7_4_139.topo,126,5,54,6,6,54,5,126
7_4_14.topo,126,54,30,25,25,30,54,126
7_4_140.topo,57,42,18,210,210,18,42,57
7_4_141.topo,70,9,54,150,150,54,9,70
7_4_142.topo,90,42,42,285,285,42,42,90
7_4_143.topo,196,6,168,228,228,168,6,196
7_4_144.topo,126,18,70,285,285,70,18,126
7_4_145.topo,90,54,15,350,350,15,54,90
7_4_146.topo,70,18,126,285,285,126,18,70
7_4_147.topo,168,84,196,722,722,196,84,168
7_4_148.topo,90,126,42,475,475,42,126,90
7_4_149.topo,57,54,210,350,350,210,54,57
7_4_15.topo,196,168,84,722,722,84,168,196
7_4_150.topo,90,126,210,475,475,210,126,90
7_4_151.topo,168,392,168,722,722,168,392,168
7_4_152.topo,114,168,266,392,392,266,168,114
7_4_153.topo,90,210,171,350,350,171,210,90
7_4_154.topo,168,392,228,532,532,228,392,168
7_4_155.topo,90,126,95,210,210,95,126,90
7_4_156.topo,70,54,70,171,171,70,54,70
7_4_157.topo,57,90,70,126,126,70,90,57
7_4_158.topo,70,171,90,210,210,90,171,70
7_4_159.topo,90,18,15,210,210,15,18,90
7_4_16.topo,70,54,42,285,285,42,54,70
7_4_160.topo,57,90,42,42,42,42,90,57
7_4_161.topo,90,42,285,210,210,285,42,90
7_4_162.topo,126,70,150,171,171,150,70,126
7_4_163.topo,90,15,210,90,90,210,15,90
7_4_164.topo,196,266,168,228,228,168,266,196
7_4_165.topo,70,57,126,90,90,126,57,70
7_4_166.topo,57,30,210,126,126,210,30,57
7_4_167.topo,126,57,70,90,90,70,57,126
7_4_168.topo,168,19,196,72,72,196,19,168
7_4_169.topo,90,5,210,54,54,210,5,90
7_4_17.topo,70,126,18,285,285,18,126,70
7_4_170.topo,70,19,126,54,54,126,19,70
7_4_171.topo,90,30,15,126,126,15,30,90
7_4_172.topo,90,5,42,54,54,42,5,90
7_4_173.topo,168,2,168,72,72,168,2,168
7_4_174.topo,70,5,54,54,54,54,5,70
7_4_175.topo,25,30,54,126,126,54,30,25
7_4_176.topo,70,171,126,150,150,126,171,70
7_4_177.topo,57,90,210,210,210,210,90,57
7_4_178.topo,90,210,210,285,285,210,210,90
7_4_179.topo,114,84,532,392,392,532,84,114
7_4_18.topo,196,84,84,361,361,84,84,196
7_4_180.topo,90,126,285,350,350,285,126,90
7_4_181.topo,126,210,150,285,285,150,210,126
7_4_182.topo,90,14,285,126,126,285,14,90
7_4_183.topo,168,84,361,392,392,361,84,168
7_4_184.topo,126,90,95,210,210,95,90,126
7_4_185.topo,126,3,150,90,90,150,3,126
7_4_186.topo,126,18,95,210,210,95,18,126
7_4_187.topo,168,72,38,392,392,38,72,168
7_4_188.topo,126,19,70,54,54,70,19,126
7_4_189.topo,126,5,150,54,54,150,5,126
7_4_19.topo,126,18,42,95,95,42,18,126
7_4_190.topo,126,30,95,126,126,95,30,126
7_4_191.topo,90,42,285,210,210,285,42,90
7_4_192.topo,126,9,150,150,150,150,9,126
7_4_193.topo,38,196,72,84,84,72,196,38
7_4_194.topo,57,42,54,14,14,54,42,57
7_4_195.topo,90,18,126,5,5,126,18,90
7_4_196.topo,114,84,84,14,14,84,84,114
7_4_197.topo,57,126,30,42,42,30,126,57
7_4_198.topo,70,210,57,54,54,57,210,70
7_4_199.topo,90,30,126,3,3,126,30,90
7_4_2.topo,90,42,3,90,90,3,42,90
7_4_20.topo,126,42,90,95,95,90,42,126
7_4_200.topo,25,126,90,90,90,90,126,25
7_4_201.topo,90,18,5,126,126,5,18,90
7_4_202.topo,90,3,14,54,54,14,3,90
7_4_203.topo,168,1,84,72,72,84,1,168
7_4_204.topo,70,3,18,54,54,18,3,70
7_4_205.topo,25,18,18,126,126,18,18,25
7_4_206.topo,168,36,392,19,19,392,36,168
7_4_207.topo,126,57,210,6,6,210,57,126
7_4_208.topo,196,266,266,36,36,266,266,196
7_4_209.topo,126,1,90,90,90,90,1,126
7_4_21.topo,126,285,42,150,150,42,285,126
7_4_210.topo,168,2,84,36,36,84,2,168
7_4_211.topo,90,3,18,42,42,18,3,90
7_4_212.topo,126,6,6,9,9,6,6,126
7_4_213.topo,126,18,1,18,18,1,18,126
7_4_214.topo,126,3,6,18,18,6,3,126
7_4_215.topo,196,6,36,6,6,36,6,196
7_4_22.topo,168,228,28,168,168,28,228,168
7_4_23.topo,90,150,9,210,210,9,150,90
7_4_24.topo,196,38,84,72,72,84,38,196
7_4_25.topo,126,25,90,90,90,90,25,126
7_4_26.topo,126,70,18,285,285,18,70,126
7_4_27.topo,90,42,9,150,150,9,42,90
7_4_28.topo,168,196,6,228,228,6,196,168
7_4_29.topo,126,18,18,25,25,18,18,126
7_4_3.topo,168,72,14,266,266,14,72,168
7_4_30.topo,90,210,57,210,210,57,210,90
7_4_31.topo,126,350,30,171,171,30,350,126
7_4_32.topo,90,210,15,90,90,15,210,90
7_4_33.topo,168,392,114,266,266,114,392,168
7_4_34.topo,90,126,57,70,70,57,126,90
7_4_35.topo,126,210,30,57,57,30,210,126
7_4_36.topo,90,126,57,70,70,57,126,90
7_4_37.topo,168,84,114,28,28,114,84,168
7_4_38.topo,126,90,30,15,15,30,90,126
7_4_39.topo,90,54,15,70,70,15,54,90
7_4_4.topo,126,18,14,57,57,14,18,126
7_4_40.topo,126,18,30,15,15,30,18,126
7_4_41.topo,168,72,12,28,28,12,72,168
7_4_42.topo,168,36,28,266,266,28,36,168
7_4_43.topo,126,6,42,57,57,42,6,126
7_4_44.topo,90,18,9,70,70,9,18,90
7_4_45.topo,114,84,6,196,196,6,84,114
7_4_46.topo,57,126,6,210,210,6,126,57
7_4_47.topo,70,210,18,171,171,18,210,70
7_4_48.topo,70,57,42,54,54,42,57,70
7_4_49.topo,196,19,84,36,36,84,19,196
7_4_5.topo,90,54,3,70,70,3,54,90
7_4_50.topo,70,15,18,54,54,18,15,70
7_4_51.topo,57,42,6,126,126,6,42,57
7_4_52.topo,114,168,6,392,392,6,168,114
7_4_53.topo,90,90,9,350,350,9,90,90
7_4_54.topo,57,210,18,210,210,18,210,57
7_4_55.topo,90,18,9,70,70,9,18,90
7_4_56.topo,126,6,18,15,15,18,6,126
7_4_57.topo,168,36,6,28,28,6,36,168
7_4_58.topo,90,54,1,42,42,1,54,90
7_4_59.topo,90,126,1,90,90,1,126,90
7_4_6.topo,126,90,14,285,285,14,90,126
7_4_60.topo,168,392,6,114,114,6,392,168
7_4_61.topo,70,126,6,171,171,6,126,70
7_4_62.topo,90,90,3,210,210,3,90,90
7_4_63.topo,90,42,57,42,42,57,42,90
7_4_64.topo,90,90,15,42,42,15,90,90
7_4_65.topo,126,30,30,9,9,30,30,126
7_4_66.topo,70,9,18,90,90,18,9,70
7_4_67.topo,196,6,84,114,114,84,6,196
7_4_68.topo,70,18,42,171,171,42,18,70
7_4_69.topo,57,54,70,210,210,70,54,57
7_4_7.topo,168,84,14,228,228,14,84,168
7_4_70.topo,90,30,9,42,42,9,30,90
7_4_71.topo,126,19,42,18,18,42,19,126
7_4_72.topo,168,114,28,84,84,28,114,168
7_4_73.topo,90,90,25,126,126,25,90,90
7_4_74.topo,70,54,70,171,171,70,54,70
7_4_75.topo,168,14,6,72,72,6,14,168
7_4_76.topo,126,3,18,30,30,18,3,126
7_4_77.topo,90,14,9,90,90,9,14,90
7_4_78.topo,114,84,28,168,168,28,84,114
7_4_79.topo,57,18,42,210,210,42,18,57
7_4_8.topo,90,126,3,150,150,3,126,90
7_4_80.topo,90,90,15,42,42,15,90,90
7_4_81.topo,196,12,84,228,228,84,12,196
7_4_82.topo,126,30,42,285,285,42,30,126
7_4_83.topo,168,72,28,532,532,28,72,168
7_4_84.topo,126,90,42,475,475,42,90,126
7_4_85.topo,126,210,90,475,475,90,210,126
7_4_86.topo,126,57,42,30,30,42,57,126
7_4_87.topo,196,266,84,114,114,84,266,196
7_4_88.topo,70,171,42,90,90,42,171,70
7_4_89.topo,196,532,84,228,228,84,532,196
7_4_9.topo,126,54,14,95,95,14,54,126
7_4_90.topo,126,350,90,285,285,90,350,126
7_4_91.topo,126,150,126,475,475,126,150,126
7_4_92.topo,126,5,18,90,90,18,5,126
7_4_93.topo,126,19,18,210,210,18,19,126
7_4_94.topo,90,30,9,210,210,9,30,90
7_4_95.topo,126,57,18,350,350,18,57,126
7_4_96.topo,196,266,72,532,532,72,266,196
7_4_97.topo,126,70,54,475,475,54,70,126
7_4_98.topo,126,350,54,95,95,54,350,126
7_4_99.topo,70,54,126,475,475,126,54,70
7_5_0.topo,210,90,42,285,285,42,90,210
7_5_1.topo,210,210,18,285,285,18,210,210
7_5_10.topo,210,126,90,95,95,90,126,210
7_5_100.topo,171,350,54,350,350,54,350,171
7_5_101.topo,210,3,54,30,30,54,3,210
7_5_102.topo,171,14,42,90,90,42,14,171
7_5_103.topo,210,210,18,285,285,18,210,210
7_5_104.topo,392,12,168,228,228,168,12,392
7_5_105.topo,210,30,126,285,285,126,30,210
7_5_106.topo,171,90,210,350,350,210,90,171
7_5_107.topo,210,57,126,30,30,126,57,210
7_5_108.topo,392,266,168,114,114,168,266,392
7_5_109.topo,210,210,150,171,171,150,210,210
7_5_11.topo,210,54,90,25,25,90,54,210
7_5_110.topo,210,90,210,285,285,210,90,210
7_5_111.topo,210,5,54,90,90,54,5,210
7_5_112.topo,210,19,54,210,210,54,19,210
7_5_113.topo,266,114,168,392,392,168,114,266
7_5_114.topo,171,30,126,350,350,126,30,171
7_5_115.topo,210,210,90,57,57,90,210,210
7_5_116.topo,171,30,210,42,42,210,30,171
7_5_117.topo,210,9,150,90,90,150,9,210
7_5_118.topo,171,14,54,14,14,54,14,171
7_5_119.topo,266,72,168,14,14,168,72,266
7_5_12.topo,392,168,72,38,38,72,168,392
7_5_120.topo,210,3,18,18,18,18,3,210
7_5_121.topo,95,126,54,350,350,54,126,95
7_5_122.topo,150,126,126,475,475,126,126,150
7_5_123.topo,228,84,532,196,196,532,84,228
7_5_124.topo,150,126,285,210,210,285,126,150
7_5_125.topo,150,42,285,126,126,285,42,150
7_5_126.topo,228,168,532,392,392,532,168,228
7_5_127.topo,95,54,210,42,42,210,54,95
7_5_128.topo,95,126,210,90,90,210,126,95
7_5_129.topo,171,14,30,126,126,30,14,171
7_5_13.topo,210,210,18,57,57,18,210,210
7_5_130.topo,210,3,90,90,90,90,3,210
7_5_131.topo,210,18,57,210,210,57,18,210
7_5_14.topo,210,90,18,15,15,18,90,210
7_5_15.topo,266,196,36,266,266,36,196,266
7_5_16.topo,171,42,18,70,70,18,42,171
7_5_17.topo,210,70,54,57,57,54,70,210
7_5_18.topo,171,70,18,210,210,18,70,171
7_5_19.topo,266,28,36,168,168,36,28,266
7_5_2.topo,150,126,9,150,150,9,126,150
7_5_20.topo,210,15,54,150,150,54,15,210
7_5_21.topo,171,70,54,70,70,54,70,171
7_5_22.topo,210,126,6,57,57,6,126,210
7_5_23.topo,210,54,6,15,15,6,54,210
7_5_24.topo,392,168,36,19,19,36,168,392
7_5_25.topo,210,42,18,57,57,18,42,210
7_5_26.topo,210,15,18,90,90,18,15,210
7_5_27.topo,210,18,42,57,57,42,18,210
7_5_28.topo,150,54,9,70,70,9,54,150
7_5_29.topo,210,18,18,15,15,18,18,210
7_5_3.topo,392,168,84,361,361,84,168,392
7_5_30.topo,228,168,6,196,196,6,168,228
7_5_31.topo,171,42,6,42,42,6,42,171
7_5_32.topo,210,9,18,30,30,18,9,210
7_5_33.topo,171,210,6,210,210,6,210,171
7_5_34.topo,150,42,9,90,90,9,42,150
7_5_35.topo,210,350,18,171,171,18,350,210
7_5_36.topo,150,210,9,90,90,9,210,150
7_5_37.topo,228,168,28,168,168,28,168,228
7_5_38.topo,266,392,36,532,532,36,392,266
7_5_39.topo,95,126,18,210,210,18,126,95
7_5_4.topo,210,54,42,95,95,42,54,210
7_5_40.topo,95,54,42,210,210,42,54,95
7_5_41.topo,171,210,18,350,350,18,210,171
7_5_42.topo,228,168,12,392,392,12,168,228
7_5_43.topo,150,90,15,126,126,15,90,150
7_5_44.topo,210,210,6,171,171,6,210,210
7_5_45.topo,150,126,3,90,90,3,126,150
7_5_46.topo,228,84,14,168,168,14,84,228
7_5_47.topo,392,12,84,114,114,84,12,392
7_5_48.topo,210,30,42,171,171,42,30,210
7_5_49.topo,210,30,42,171,171,42,30,210
7_5_5.topo,210,126,18,95,95,18,126,210
7_5_50.topo,392,114,84,532,532,84,114,392
7_5_51.topo,210,90,42,285,285,42,90,210
7_5_52.topo,171,90,70,210,210,70,90,171
7_5_53.topo,210,171,90,350,350,90,171,210
7_5_54.topo,392,532,72,532,532,72,532,392
7_5_55.topo,210,210,90,285,285,90,210,210
7_5_56.topo,171,126,70,150,150,70,126,171
7_5_57.topo,266,72,196,532,532,196,72,266
7_5_58.topo,210,90,126,475,475,126,90,210
7_5_59.topo,210,210,54,475,475,54,210,210
7_5_6.topo,210,54,42,95,95,42,54,210
7_5_60.topo,392,168,168,722,722,168,168,392
7_5_61.topo,210,54,70,285,285,70,54,210
7_5_62.topo,210,126,150,285,285,150,126,210
7_5_63.topo,210,171,70,90,90,70,171,210
7_5_64.topo,392,532,168,228,228,168,532,392
7_5_65.topo,210,350,54,285,285,54,350,210
7_5_66.topo,266,228,196,168,168,196,228,266
7_5_67.topo,171,150,210,210,210,210,150,171
7_5_68.topo,171,30,42,210,210,42,30,171
7_5_69.topo,210,57,54,350,350,54,57,210
7_5_7.topo,392,36,84,38,38,84,36,392
7_5_70.topo,392,266,36,532,532,36,266,392
7_5_71.topo,171,42,42,150,150,42,42,171
7_5_72.topo,150,126,171,70,70,171,126,150
7_5_73.topo,210,210,90,57,57,90,210,210
7_5_74.topo,210,90,90,15,15,90,90,210
7_5_75.topo,171,90,70,42,42,70,90,171
7_5_76.topo,210,30,90,9,9,90,30,210
7_5_77.topo,392,12,72,12,12,72,12,392
7_5_78.topo,228,84,12,196,196,12,84,228
7_5_79.topo,171,14,18,42,42,18,14,171
7_5_8.topo,210,54,18,25,25,18,54,210
7_5_80.topo,210,3,54,30,30,54,3,210
7_5_81.topo,266,14,36,84,84,36,14,266
7_5_82.topo,95,42,18,126,126,18,42,95
7_5_83.topo,95,90,42,126,126,42,90,95
7_5_84.topo,210,5,54,18,18,54,5,210
7_5_85.topo,150,54,15,210,210,15,54,150
7_5_86.topo,95,126,30,126,126,30,126,95
7_5_87.topo,150,54,3,42,42,3,54,150
7_5_88.topo,210,18,6,9,9,6,18,210
7_5_89.topo,392,6,36,12,12,36,6,392
7_5_9.topo,171,126,6,70,70,6,126,171
7_5_90.topo,228,168,14,84,84,14,168,228
7_5_91.topo,95,54,14,126,126,14,54,95
7_5_92.topo,150,54,5,126,126,5,54,150
7_5_93.topo,228,168,266,196,196,266,168,228
7_5_94.topo,150,210,171,210,210,171,210,150
7_5_95.topo,150,42,171,42,42,171,42,150
7_5_96.topo,392,6,168,114,114,168,6,392
7_5_97.topo,210,18,70,171,171,70,18,210
7_5_98.topo,210,19,126,18,18,126,19,210
7_5_99.topo,266,114,196,84,84,196,114,266
7_6_0.topo,350,54,126,95,95,126,54,350
7_6_1.topo,350,54,54,25,25,54,54,350
7_6_10.topo,350,90,54,15,15,54,90,350
7_6_11.topo,532,72,168,28,28,168,72,532
7_6_12.topo,285,90,42,42,42,42,90,285
7_6_13.topo,350,30,54,9,9,54,30,350
7_6_14.topo,532,196,72,266,266,72,196,532
7_6_15.topo,361,84,84,196,196,84,84,361
7_6_16.topo,285,14,54,42,42,54,14,285
7_6_17.topo,285,30,126,42,42,126,30,285
7_6_18.topo,285,70,54,210,210,54,70,285
7_6_19.topo,532,14,72,84,84,72,14,532
7_6_2.topo,532,392,36,266,266,36,392,532
7_6_20.topo,350,9,90,90,90,90,9,350
7_6_21.topo,350,126,18,57,57,18,126,350
7_6_22.topo,350,18,18,9,9,18,18,350
7_6_23.topo,285,210,18,210,210,18,210,285
7_6_24.topo,285,90,42,210,210,42,90,285
7_6_25.topo,350,171,54,350,350,54,171,350
7_6_26.topo,350,90,126,285,285,126,90,350
7_6_27.topo,350,210,54,285,285,54,210,350
7_6_28.topo,532,84,196,228,228,196,84,532
7_6_29.topo,285,126,42,150,150,42,126,285
7_6_3.topo,285,126,18,70,70,18,126,285
7_6_30.topo,285,126,210,150,150,210,126,285
7_6_31.topo,532,392,168,228,228,168,392,532
7_6_32.topo,532,392,72,532,532,72,392,532
7_6_33.topo,285,126,30,210,210,30,126,285
7_6_34.topo,350,210,90,171,171,90,210,350
7_6_35.topo,285,210,54,350,350,54,210,285
7_6_36.topo,361,168,84,392,392,84,168,361
7_6_37.topo,285,90,126,350,350,126,90,285
7_6_38.topo,285,210,90,210,210,90,210,285
7_6_39.topo,350,210,18,171,171,18,210,350
7_6_4.topo,285,54,42,70,70,42,54,285
7_6_40.topo,285,126,14,90,90,14,126,285
7_6_41.topo,532,392,84,114,114,84,392,532
7_6_42.topo,350,126,30,171,171,30,126,350
7_6_43.topo,285,90,42,210,210,42,90,285
7_6_5.topo,285,126,18,70,70,18,126,285
7_6_6.topo,532,84,36,28,28,36,84,532
7_6_7.topo,350,18,54,15,15,54,18,350
7_6_8.topo,285,42,18,42,42,18,42,285
7_6_9.topo,350,210,54,57,57,54,210,350
7_7_0.topo,475,126,54,70,70,54,126,475
7_7_1.topo,475,126,126,150,150,126,126,475
7_7_2.topo,722,168,84,196,196,84,168,722
7_7_3.topo,475,210,54,210,210,54,210,475
7_7_4.topo,475,90,126,210,210,126,90,475
7_7_5.topo,475,42,54,42,42,54,42,475
7_7_6.topo,475,42,126,90,90,126,42,475
7_7_7.topo,722,168,392,168,168,392,168,722
8_0_0.topo,1,252,252,180,180,252,252,1
8_0_1.topo,1,108,252,84,84,252,108,1
8_1_0.topo,6,588,342,420,420,342,588,6
8_1_1.topo,6,252,342,196,196,342,252,6
8_1_10.topo,6,36,18,588,588,18,36,6
8_1_11.topo,6,108,14,252,252,14,108,6
8_1_2.topo,3,420,180,252,252,180,420,3
8_1_3.topo,6,588,114,252,252,114,588,6
8_1_4.topo,6,108,30,588,588,30,108,6
8_1_5.topo,6,108,42,420,420,42,108,6
8_1_6.topo,3,36,84,252,252,84,36,3
8_1_7.topo,6,108,18,196,196,18,108,6
8_1_8.topo,6,36,42,252,252,42,36,6
8_1_9.topo,3,108,84,420,420,84,108,3
8_2_0.topo,36,252,57,980,980,57,252,36
8_2_1.topo,18,84,114,588,588,114,84,18
8_2_10.topo,18,36,18,980,980,18,36,18
8_2_11.topo,14,252,252,570,570,252,252,14
8_2_12.topo,14,108,252,266,266,252,108,14
8_2_13.topo,5,252,108,420,420,108,252,5
8_2_14.topo,14,84,252,342,342,252,84,14
8_2_15.topo,14,180,252,798,798,252,180,14
8_2_16.topo,18,342,420,980,980,420,342,18
8_2_17.topo,36,798,266,588,588,266,798,36
8_2_18.topo,36,798,798,980,980,798,798,36
8_2_19.topo,18,420,570,588,588,570,420,18
8_2_2.topo,18,180,30,588,588,30,180,18
8_2_20.topo,36,70,798,252,252,798,70,36
8_2_21.topo,18,42,420,180,180,420,42,18
8_2_22.topo,18,196,342,84,84,342,196,18
8_2_23.topo,36,252,266,42,42,266,252,36
8_2_24.topo,36,18,70,252,252,70,18,36
8_2_25.topo,18,196,570,252,252,570,196,18
8_2_26.topo,36,42,798,84,84,798,42,36
8_2_27.topo,18,70,420,108,108,420,70,18
8_2_28.topo,18,180,18,196,196,18,180,18
8_2_29.topo,14,18,180,252,252,180,18,14
8_2_3.topo,36,84,57,588,588,57,84,36
8_2_30.topo,18,180,14,252,252,14,180,18
8_2_31.topo,18,84,14,108,108,14,84,18
8_2_32.topo,36,252,3,84,84,3,252,36
8_2_33.topo,36,18,6,588,588,6,18,36
8_2_34.topo,36,252,6,42,42,6,252,36
8_2_35.topo,36,18,18,980,980,18,18,36
8_2_36.topo,18,6,36,588,588,36,6,18
8_2_37.topo,18,36,42,84,84,42,36,18
8_2_38.topo,14,18,84,108,108,84,18,14
8_2_39.topo,18,36,70,252,252,70,36,18
8_2_4.topo,18,252,114,980,980,114,252,18
8_2_40.topo,18,6,196,108,108,196,6,18
8_2_41.topo,36,18,42,84,84,42,18,36
8_2_42.topo,14,6,252,108,108,252,6,14
8_2_43.topo,5,36,252,252,252,252,36,5
8_2_5.topo,18,108,30,980,980,30,108,18
8_2_6.topo,36,252,19,588,588,19,252,36
8_2_7.topo,36,252,5,252,252,5,252,36
8_2_8.topo,14,252,84,342,342,84,252,14
8_2_9.topo,14,798,84,108,108,84,798,14
8_3_0.topo,108,420,19,588,588,19,420,108
8_3_1.topo,108,196,19,252,252,19,196,108
8_3_10.topo,42,108,84,1330,1330,84,108,42
8_3_11.topo,42,252,180,1330,1330,180,252,42
8_3_12.topo,84,588,114,798,798,114,588,84
8_3_13.topo,108,420,57,980,980,57,420,108
8_3_14.topo,84,588,30,342,342,30,588,84
8_3_15.topo,84,588,342,1330,1330,342,588,84
8_3_16.topo,30,252,342,980,980,342,252,30
8_3_17.topo,42,420,180,798,798,180,420,42
8_3_18.topo,84,196,342,798,798,342,196,84
8_3_19.topo,108,42,266,420,420,266,42,108
8_3_2.topo,108,420,5,252,252,5,420,108
8_3_20.topo,108,18,70,420,420,70,18,108
8_3_21.topo,108,84,57,196,196,57,84,108
8_3_22.topo,84,42,114,252,252,114,42,84
8_3_23.topo,84,108,30,42,42,30,108,84
8_3_24.topo,108,84,95,588,588,95,84,108
8_3_25.topo,108,14,266,252,252,266,14,108
8_3_26.topo,108,30,70,252,252,70,30,108
8_3_27.topo,84,114,42,252,252,42,114,84
8_3_28.topo,42,342,84,420,420,84,342,42
8_3_29.topo,30,180,18,588,588,18,180,30
8_3_3.topo,84,108,14,798,798,14,108,84
8_3_30.topo,84,342,42,420,420,42,342,84
8_3_31.topo,42,114,84,252,252,84,114,42
8_3_32.topo,42,30,180,252,252,180,30,42
8_3_33.topo,84,14,342,252,252,342,14,84
8_3_34.topo,30,84,342,588,588,342,84,30
8_3_35.topo,42,18,180,420,420,180,18,42
8_3_36.topo,84,42,342,420,420,342,42,84
8_3_37.topo,108,196,266,798,798,266,196,108
8_3_38.topo,108,420,70,798,798,70,420,108
8_3_39.topo,108,252,95,980,980,95,252,108
8_3_4.topo,84,342,14,252,252,14,342,84
8_3_40.topo,108,588,266,1330,1330,266,588,108
8_3_41.topo,108,252,70,1330,1330,70,252,108
8_3_42.topo,42,84,252,114,114,252,84,42
8_3_43.topo,84,342,196,18,18,196,342,84
8_3_44.topo,108,6,42,420,420,42,6,108
8_3_45.topo,19,588,36,252,252,36,588,19
8_3_46.topo,30,108,6,588,588,6,108,30
8_3_47.topo,84,108,196,57,57,196,108,84
8_3_48.topo,42,266,252,36,36,252,266,42
8_3_49.topo,42,6,108,420,420,108,6,42
8_3_5.topo,108,84,3,420,420,3,84,108
8_3_50.topo,42,420,252,570,570,252,420,42
8_3_51.topo,84,1083,196,252,252,196,1083,84
8_3_52.topo,108,84,42,1330,1330,42,84,108
8_3_53.topo,42,84,420,342,342,420,84,42
8_3_54.topo,84,18,588,114,114,588,18,84
8_3_55.topo,30,42,252,180,180,252,42,30
8_3_56.topo,19,196,108,252,252,108,196,19
8_3_57.topo,19,420,108,588,588,108,420,19
8_3_58.topo,30,570,252,588,588,252,570,30
8_3_59.topo,42,420,108,266,266,108,420,42
8_3_6.topo,84,108,42,1330,1330,42,108,84
8_3_60.topo,30,108,252,70,70,252,108,30
8_3_61.topo,84,36,588,57,57,588,36,84
8_3_62.topo,84,588,361,252,252,361,588,84
8_3_63.topo,84,108,588,95,95,588,108,84
8_3_64.topo,42,252,420,570,570,420,252,42
8_3_65.topo,84,420,588,1083,1083,588,420,84
8_3_66.topo,108,798,980,1330,1330,980,798,108
8_3_67.topo,108,30,42,84,84,42,30,108
8_3_68.topo,108,18,980,30,30,980,18,108
8_3_69.topo,108,84,798,14,14,798,84,108
8_3_7.topo,42,36,84,798,798,84,36,42
8_3_70.topo,84,3,420,108,108,420,3,84
8_3_71.topo,42,30,108,84,84,108,30,42
8_3_72.topo,108,30,6,588,588,6,30,108
8_3_73.topo,108,14,6,252,252,6,14,108
8_3_74.topo,108,84,1,252,252,1,84,108
8_3_75.topo,108,18,6,196,196,6,18,108
8_3_76.topo,84,36,18,42,42,18,36,84
8_3_77.topo,30,108,42,84,84,42,108,30
8_3_78.topo,42,36,84,18,18,84,36,42
8_3_79.topo,84,108,18,14,14,18,108,84
8_3_8.topo,30,108,18,980,980,18,108,30
8_3_80.topo,84,108,1,252,252,1,108,84
8_3_81.topo,84,3,36,252,252,36,3,84
8_3_82.topo,108,84,18,14,14,18,84,108
8_3_83.topo,42,36,6,252,252,6,36,42
8_3_9.topo,84,36,42,798,798,42,36,84
8_4_0.topo,252,180,14,798,798,14,180,252
8_4_1.topo,252,84,14,342,342,14,84,252
8_4_10.topo,180,588,57,420,420,57,588,180
8_4_100.topo,180,18,588,30,30,588,18,180
8_4_101.topo,252,5,252,36,36,252,5,252
8_4_102.topo,180,18,18,196,196,18,18,180
8_4_103.topo,252,6,36,42,42,36,6,252
8_4_104.topo,252,108,1,84,84,1,108,252
8_4_105.topo,252,14,6,108,108,6,14,252
8_4_106.topo,252,3,36,84,84,36,3,252
8_4_107.topo,196,18,6,108,108,6,18,196
8_4_11.topo,252,980,30,342,342,30,980,252
8_4_12.topo,252,588,114,266,266,114,588,252
8_4_13.topo,252,252,114,70,70,114,252,252
8_4_14.topo,252,108,30,70,70,30,108,252
8_4_15.topo,252,36,42,266,266,42,36,252
8_4_16.topo,196,57,84,108,108,84,57,196
8_4_17.topo,252,36,18,70,70,18,36,252
8_4_18.topo,180,252,57,196,196,57,252,180
8_4_19.topo,252,84,114,42,42,114,84,252
8_4_2.topo,180,252,3,420,420,3,252,180
8_4_20.topo,252,180,30,42,42,30,180,252
8_4_21.topo,114,252,6,588,588,6,252,114
8_4_22.topo,180,252,1,252,252,1,252,180
8_4_23.topo,196,18,84,342,342,84,18,196
8_4_24.topo,252,114,42,84,84,42,114,252
8_4_25.topo,252,14,18,180,180,18,14,252
8_4_26.topo,252,180,42,1330,1330,42,180,252
8_4_27.topo,196,798,84,342,342,84,798,196
8_4_28.topo,252,114,18,980,980,18,114,252
8_4_29.topo,196,252,252,1805,1805,252,252,196
8_4_3.topo,252,108,14,266,266,14,108,252
8_4_30.topo,70,108,252,1330,1330,252,108,70
8_4_31.topo,252,196,342,266,266,342,196,252
8_4_32.topo,252,70,342,420,420,342,70,252
8_4_33.topo,196,252,180,57,57,180,252,196
8_4_34.topo,252,36,70,798,798,70,36,252
8_4_35.topo,252,6,196,342,342,196,6,252
8_4_36.topo,180,18,42,420,420,42,18,180
8_4_37.topo,114,84,18,588,588,18,84,114
8_4_38.topo,57,252,36,980,980,36,252,57
8_4_39.topo,70,420,108,798,798,108,420,70
8_4_4.topo,252,252,14,570,570,14,252,252
8_4_40.topo,114,252,18,980,980,18,252,114
8_4_41.topo,57,84,36,588,588,36,84,57
8_4_42.topo,70,18,108,420,420,108,18,70
8_4_43.topo,196,6,252,342,342,252,6,196
8_4_44.topo,70,36,252,798,798,252,36,70
8_4_45.topo,57,108,420,980,980,420,108,57
8_4_46.topo,114,252,266,588,588,266,252,114
8_4_47.topo,180,252,95,588,588,95,252,180
8_4_48.topo,114,252,70,252,252,70,252,114
8_4_49.topo,196,18,252,570,570,252,18,196
8_4_5.topo,252,588,30,570,570,30,588,252
8_4_50.topo,252,84,196,1083,1083,196,84,252
8_4_51.topo,180,252,42,1330,1330,42,252,180
8_4_52.topo,252,108,70,1330,1330,70,108,252
8_4_53.topo,252,252,196,1805,1805,196,252,252
8_4_54.topo,252,588,420,1805,1805,420,588,252
8_4_55.topo,252,980,342,1330,1330,342,980,252
8_4_56.topo,196,798,180,798,798,180,798,196
8_4_57.topo,252,196,570,798,798,570,196,252
8_4_58.topo,180,42,798,420,420,798,42,180
8_4_59.topo,252,70,420,342,342,420,70,252
8_4_6.topo,196,252,84,1083,1083,84,252,196
8_4_60.topo,196,266,252,342,342,252,266,196
8_4_61.topo,252,57,196,180,180,196,57,252
8_4_62.topo,180,30,42,252,252,42,30,180
8_4_63.topo,196,798,252,570,570,252,798,196
8_4_64.topo,70,342,252,420,420,252,342,70
8_4_65.topo,57,180,420,588,588,420,180,57
8_4_66.topo,114,84,798,588,588,798,84,114
8_4_67.topo,180,14,798,252,252,798,14,180
8_4_68.topo,252,3,420,180,180,420,3,252
8_4_69.topo,252,14,342,84,84,342,14,252
8_4_7.topo,252,570,42,420,420,42,570,252
8_4_70.topo,196,18,180,18,18,180,18,196
8_4_71.topo,114,252,798,980,980,798,252,114
8_4_72.topo,180,588,798,1330,1330,798,588,180
8_4_73.topo,252,980,420,1083,1083,420,980,252
8_4_74.topo,252,588,570,1330,1330,570,588,252
8_4_75.topo,252,252,361,980,980,361,252,252
8_4_76.topo,252,108,95,980,980,95,108,252
8_4_77.topo,252,114,70,252,252,70,114,252
8_4_78.topo,252,19,196,108,108,196,19,252
8_4_79.topo,252,5,420,108,108,420,5,252
8_4_8.topo,252,196,18,570,570,18,196,252
8_4_80.topo,196,19,252,108,108,252,19,196
8_4_81.topo,70,114,252,252,252,252,114,70
8_4_82.topo,70,30,108,252,252,108,30,70
8_4_83.topo,252,14,570,252,252,570,14,252
8_4_84.topo,252,84,361,588,588,361,84,252
8_4_85.topo,252,180,95,588,588,95,180,252
8_4_86.topo,252,42,570,420,420,570,42,252
8_4_87.topo,180,196,798,798,798,798,196,180
8_4_88.topo,57,196,108,84,84,108,196,57
8_4_89.topo,114,252,84,42,42,84,252,114
8_4_9.topo,252,980,114,798,798,114,980,252
8_4_90.topo,180,18,14,252,252,14,18,180
8_4_91.topo,252,36,588,19,19,588,36,252
8_4_92.topo,252,114,588,6,6,588,114,252
8_4_93.topo,252,1,252,180,180,252,1,252
8_4_94.topo,70,252,420,342,342,420,252,70
8_4_95.topo,196,798,266,108,108,266,798,196
8_4_96.topo,252,36,57,980,980,57,36,252
8_4_97.topo,70,18,36,252,252,36,18,70
8_4_98.topo,57,196,180,252,252,180,196,57
8_4_99.topo,114,42,252,84,84,252,42,114
8_5_0.topo,588,420,84,1083,1083,84,420,588
8_5_1.topo,420,252,42,570,570,42,252,420
8_5_10.topo,342,588,6,420,420,6,588,342
8_5_11.topo,420,980,18,342,342,18,980,420
8_5_12.topo,266,588,36,798,798,36,588,266
8_5_13.topo,342,420,18,980,980,18,420,342
8_5_14.topo,420,588,6,342,342,6,588,420
8_5_15.topo,420,42,18,180,180,18,42,420
8_5_16.topo,588,18,84,114,114,84,18,588
8_5_17.topo,420,84,42,342,342,42,84,420
8_5_18.topo,342,252,70,420,420,70,252,342
8_5_19.topo,266,108,196,798,798,196,108,266
8_5_2.topo,420,588,18,570,570,18,588,420
8_5_20.topo,420,342,70,252,252,70,342,420
8_5_21.topo,342,84,42,420,420,42,84,342
8_5_22.topo,588,30,84,342,342,84,30,588
8_5_23.topo,588,114,84,798,798,84,114,588
8_5_24.topo,420,180,42,798,798,42,180,420
8_5_25.topo,588,342,84,1330,1330,84,342,588
8_5_26.topo,588,798,180,1330,1330,180,798,588
8_5_27.topo,588,420,252,1805,1805,252,420,588
8_5_28.topo,588,1330,252,570,570,252,1330,588
8_5_29.topo,588,266,108,1330,1330,108,266,588
8_5_3.topo,588,252,84,361,361,84,252,588
8_5_30.topo,420,588,342,266,266,342,588,420
8_5_31.topo,420,252,342,70,70,342,252,420
8_5_32.topo,588,420,180,57,57,180,420,588
8_5_33.topo,342,84,18,196,196,18,84,342
8_5_34.topo,266,42,36,252,252,36,42,266
8_5_35.topo,420,108,6,42,42,6,108,420
8_5_36.topo,342,420,70,252,252,70,420,342
8_5_37.topo,342,252,266,196,196,266,252,342
8_5_38.topo,420,84,342,42,42,342,84,420
8_5_39.topo,588,18,180,30,30,180,18,588
8_5_4.topo,588,108,84,95,95,84,108,588
8_5_40.topo,588,6,252,114,114,252,6,588
8_5_41.topo,588,19,252,36,36,252,19,588
8_5_42.topo,588,6,108,30,30,108,6,588
8_5_43.topo,342,420,266,588,588,266,420,342
8_5_44.topo,420,798,342,980,980,342,798,420
8_5_45.topo,420,108,70,798,798,70,108,420
8_5_46.topo,266,342,196,252,252,196,342,266
8_5_47.topo,342,84,42,420,420,42,84,342
8_5_48.topo,588,30,252,570,570,252,30,588
8_5_49.topo,588,266,252,114,114,252,266,588
8_5_5.topo,588,252,180,95,95,180,252,588
8_5_50.topo,588,19,108,420,420,108,19,588
8_5_51.topo,266,588,108,1330,1330,108,588,266
8_5_52.topo,95,252,108,980,980,108,252,95
8_5_53.topo,342,84,798,196,196,798,84,342
8_5_54.topo,420,42,570,252,252,570,42,420
8_5_55.topo,266,108,420,42,42,420,108,266
8_5_56.topo,420,252,588,1805,1805,588,252,420
8_5_57.topo,420,588,570,798,798,570,588,420
8_5_58.topo,342,420,798,980,980,798,420,342
8_5_59.topo,266,588,420,342,342,420,588,266
8_5_6.topo,420,108,42,266,266,42,108,420
8_5_60.topo,342,84,30,588,588,30,84,342
8_5_61.topo,342,14,84,252,252,84,14,342
8_5_62.topo,420,3,252,180,180,252,3,420
8_5_63.topo,266,14,108,252,252,108,14,266
8_5_64.topo,95,84,108,588,588,108,84,95
8_5_65.topo,95,180,252,588,588,252,180,95
8_5_66.topo,588,6,420,342,342,420,6,588
8_5_67.topo,588,36,266,798,798,266,36,588
8_5_68.topo,420,108,57,980,980,57,108,420
8_5_69.topo,342,252,30,980,980,30,252,342
8_5_7.topo,588,36,84,57,57,84,36,588
8_5_70.topo,342,588,84,1330,1330,84,588,342
8_5_71.topo,420,980,252,1083,1083,252,980,420
8_5_72.topo,588,18,420,570,570,420,18,588
8_5_73.topo,420,84,588,1083,1083,588,84,420
8_5_74.topo,342,252,980,1330,1330,980,252,342
8_5_75.topo,588,266,420,342,342,420,266,588
8_5_76.topo,420,57,588,180,180,588,57,420
8_5_77.topo,266,114,588,252,252,588,114,266
8_5_78.topo,420,19,588,108,108,588,19,420
8_5_79.topo,420,5,252,108,108,252,5,420
8_5_8.topo,420,108,18,70,70,18,108,420
8_5_80.topo,588,420,570,798,798,570,420,588
8_5_81.topo,342,84,252,14,14,252,84,342
8_5_82.topo,420,3,84,108,108,84,3,420
8_5_83.topo,588,36,6,18,18,6,36,588
8_5_9.topo,342,252,6,196,196,6,252,342
8_6_0.topo,980,252,252,361,361,252,252,980
8_6_1.topo,980,108,252,95,95,252,108,980
8_6_10.topo,570,252,42,420,420,42,252,570
8_6_11.topo,798,180,196,798,798,196,180,798
8_6_12.topo,980,342,252,1330,1330,252,342,980
8_6_13.topo,980,798,108,1330,1330,108,798,980
8_6_14.topo,980,420,252,1083,1083,252,420,980
8_6_15.topo,798,252,196,570,570,196,252,798
8_6_16.topo,798,588,420,570,570,420,588,798
8_6_17.topo,570,252,18,196,196,18,252,570
8_6_18.topo,798,84,36,42,42,36,84,798
8_6_19.topo,980,18,108,30,30,108,18,980
8_6_2.topo,798,588,36,266,266,36,588,798
8_6_20.topo,570,420,42,252,252,42,420,570
8_6_21.topo,361,252,84,588,588,84,252,361
8_6_22.topo,570,252,30,588,588,30,252,570
8_6_23.topo,570,252,14,252,252,14,252,570
8_6_24.topo,980,18,252,114,114,252,18,980
8_6_25.topo,798,84,196,342,342,196,84,798
8_6_26.topo,798,980,108,1330,1330,108,980,798
8_6_27.topo,980,798,36,798,798,36,798,980
8_6_28.topo,980,30,252,342,342,252,30,980
8_6_29.topo,980,114,252,798,798,252,114,980
8_6_3.topo,798,252,36,70,70,36,252,798
8_6_30.topo,798,342,420,980,980,420,342,798
8_6_31.topo,798,180,588,1330,1330,588,180,798
8_6_32.topo,980,798,420,342,342,420,798,980
8_6_33.topo,798,114,252,980,980,252,114,798
8_6_34.topo,798,180,420,42,42,420,180,798
8_6_35.topo,798,14,108,84,84,108,14,798
8_6_36.topo,980,18,36,18,18,36,18,980
8_6_37.topo,570,252,798,196,196,798,252,570
8_6_38.topo,570,588,798,420,420,798,588,570
8_6_39.topo,980,18,420,342,342,420,18,980
8_6_4.topo,980,420,108,57,57,108,420,980
8_6_40.topo,798,114,588,84,84,588,114,798
8_6_41.topo,798,14,252,180,180,252,14,798
8_6_42.topo,361,252,252,980,980,252,252,361
8_6_43.topo,570,588,252,1330,1330,252,588,570
8_6_5.topo,798,196,108,266,266,108,196,798
8_6_6.topo,798,70,108,420,420,108,70,798
8_6_7.topo,980,252,36,57,57,36,252,980
8_6_8.topo,798,980,36,798,798,36,980,798
8_6_9.topo,570,588,18,420,420,18,588,570
8_7_0.topo,1330,588,108,266,266,108,588,1330
8_7_1.topo,1330,252,108,70,70,108,252,1330
8_7_10.topo,1083,420,252,980,980,252,420,1083
8_7_11.topo,1330,588,84,342,342,84,588,1330
8_7_2.topo,1083,252,84,196,196,84,252,1083
8_7_3.topo,1330,84,108,42,42,108,84,1330
8_7_4.topo,1330,180,252,42,42,252,180,1330
8_7_5.topo,1330,252,588,570,570,588,252,1330
8_7_6.topo,1330,980,108,798,798,108,980,1330
8_7_7.topo,1083,588,84,420,420,84,588,1083
8_7_8.topo,1330,980,252,342,342,252,980,1330
8_7_9.topo,1330,588,180,798,798,180,588,1330
8_8_0.topo,1805,252,252,196,196,252,252,1805
8_8_1.topo,1805,588,252,420,420,252,588,1805
9_0_0.topo,1,504,504,504,504,504,504,1
9_1_0.topo,6,1176,684,1176,1176,684,1176,6
9_1_1.topo,6,216,84,1176,1176,84,216,6
9_2_0.topo,36,504,114,2744,2744,114,504,36
9_2_1.topo,14,504,504,1596,1596,504,504,14
9_2_2.topo,36,1596,1596,2744,2744,1596,1596,36
9_2_3.topo,36,196,1596,504,504,1596,196,36
9_2_4.topo,36,504,14,504,504,14,504,36
9_2_5.topo,36,36,36,2744,2744,36,36,36
9_2_6.topo,36,36,196,504,504,196,36,36
9_2_7.topo,14,36,504,504,504,504,36,14
9_3_0.topo,216,1176,19,1176,1176,19,1176,216
9_3_1.topo,84,216,84,3724,3724,84,216,84
9_3_10.topo,84,1176,1176,2166,2166,1176,1176,84
9_3_11.topo,216,3724,3724,3724,3724,3724,3724,216
9_3_12.topo,216,84,3724,84,84,3724,84,216
9_3_13.topo,216,84,6,1176,1176,6,84,216
9_3_14.topo,84,216,84,84,84,84,216,84
9_3_15.topo,84,216,6,1176,1176,6,216,84
9_3_16.topo,216,84,84,84,84,84,84,216
9_3_2.topo,84,1176,684,3724,3724,684,1176,84
9_3_3.topo,216,84,266,1176,1176,266,84,216
9_3_4.topo,84,684,84,1176,1176,84,684,84
9_3_5.topo,84,84,684,1176,1176,684,84,84
9_3_6.topo,216,1176,266,3724,3724,266,1176,216
9_3_7.topo,84,84,1176,684,684,1176,84,84
9_3_8.topo,19,1176,216,1176,1176,216,1176,19
9_3_9.topo,84,216,1176,266,266,1176,216,84
9_4_0.topo,504,504,14,1596,1596,14,504,504
9_4_1.topo,504,2744,114,1596,1596,114,2744,504
9_4_10.topo,114,504,1596,2744,2744,1596,504,114
9_4_11.topo,504,2744,1596,5054,5054,1596,2744,504
9_4_12.topo,504,114,196,504,504,196,114,504
9_4_13.topo,504,14,1596,504,504,1596,14,504
9_4_14.topo,504,504,361,2744,2744,361,504,504
9_4_15.topo,196,114,504,504,504,504,114,196
9_4_16.topo,504,196,1596,1596,1596,1596,196,504
9_4_17.topo,114,196,504,504,504,504,196,114
9_4_18.topo,504,36,2744,114,114,2744,36,504
9_4_19.topo,196,504,1596,1596,1596,1596,504,196
9_4_2.topo,504,504,114,196,196,114,504,504
9_4_20.topo,504,36,36,196,196,36,36,504
9_4_21.topo,504,504,1,504,504,1,504,504
9_4_22.topo,504,14,36,504,504,36,14,504
9_4_23.topo,196,36,504,36,36,504,36,196
9_4_3.topo,196,504,504,5054,5054,504,504,196
9_4_4.topo,504,36,196,1596,1596,196,36,504
9_4_5.topo,114,504,36,2744,2744,36,504,114
9_4_6.topo,196,36,504,1596,1596,504,36,196
9_4_7.topo,504,504,196,5054,5054,196,504,504
9_4_8.topo,504,196,1596,1596,1596,1596,196,504
9_4_9.topo,196,1596,504,1596,1596,504,1596,196
9_5_0.topo,1176,1176,84,2166,2166,84,1176,1176
9_5_1.topo,1176,216,84,266,266,84,216,1176
9_5_10.topo,1176,1176,1176,6859,6859,1176,1176,1176
9_5_11.topo,684,84,84,1176,1176,84,84,684
9_5_12.topo,1176,6,1176,684,684,1176,6,1176
9_5_13.topo,1176,216,266,3724,3724,266,216,1176
9_5_14.topo,266,84,216,1176,1176,216,84,266
9_5_15.topo,684,1176,84,3724,3724,84,1176,684
9_5_16.topo,1176,84,1176,2166,2166,1176,84,1176
9_5_17.topo,1176,266,1176,684,684,1176,266,1176
9_5_18.topo,1176,1176,2166,3724,3724,2166,1176,1176
9_5_19.topo,266,684,1176,1176,1176,1176,684,266
9_5_2.topo,684,1176,6,1176,1176,6,1176,684
9_5_20.topo,684,1176,3724,3724,3724,3724,1176,684
9_5_21.topo,1176,19,1176,216,216,1176,19,1176
9_5_22.topo,684,84,1176,84,84,1176,84,684
9_5_23.topo,1176,216,6,84,84,6,216,1176
9_5_3.topo,1176,84,84,684,684,84,84,1176
9_5_4.topo,1176,684,84,3724,3724,84,684,1176
9_5_5.topo,1176,1176,684,266,266,684,1176,1176
9_5_6.topo,684,1176,266,1176,1176,266,1176,684
9_5_7.topo,1176,3724,684,3724,3724,684,3724,1176
9_5_8.topo,1176,84,684,84,84,684,84,1176
9_5_9.topo,266,1176,216,3724,3724,216,1176,266
9_6_0.topo,2744,504,504,361,361,504,504,2744
9_6_1.topo,1596,2744,36,1596,1596,36,2744,1596
9_6_10.topo,361,504,504,2744,2744,504,504,361
9_6_11.topo,1596,2744,504,5054,5054,504,2744,1596
9_6_12.topo,1596,14,504,504,504,504,14,1596
9_6_13.topo,1596,504,114,2744,2744,114,504,1596
9_6_14.topo,2744,36,1596,1596,1596,1596,36,2744
9_6_15.topo,2744,1596,1596,1596,1596,1596,1596,2744
9_6_16.topo,2744,36,36,36,36,36,36,2744
9_6_2.topo,1596,504,196,1596,1596,196,504,1596
9_6_3.topo,2744,1596,504,5054,5054,504,1596,2744
9_6_4.topo,1596,504,36,196,196,36,504,1596
9_6_5.topo,2744,36,504,114,114,504,36,2744
9_6_6.topo,1596,504,196,1596,1596,196,504,1596
9_6_7.topo,2744,114,504,1596,1596,504,114,2744
9_6_8.topo,1596,504,1596,196,196,1596,504,1596
9_6_9.topo,1596,2744,1596,1596,1596,1596,2744,1596
9_7_0.topo,3724,1176,216,266,266,216,1176,3724
9_7_1.topo,3724,1176,1176,2166,2166,1176,1176,3724
9_7_2.topo,2166,1176,84,1176,1176,84,1176,2166
9_7_3.topo,3724,3724,216,3724,3724,216,3724,3724
9_7_4.topo,3724,684,1176,3724,3724,1176,684,3724
9_7_5.topo,3724,84,216,84,84,216,84,3724
9_7_6.topo,3724,84,1176,684,684,1176,84,3724
9_7_7.topo,2166,1176,3724,1176,1176,3724,1176,2166
9_8_0.topo,5054,504,504,196,196,504,504,5054
9_8_1.topo,5054,2744,504,1596,1596,504,2744,5054
9_9_0.topo,6859,1176,1176,1176,1176,1176,1176,6859
